name,type,path
BSV,Module,BSV.md
BSV.VERSION,Constant,BSV.md#constant-VERSION
BSV.logger,Attribute,BSV.md#attribute-c-logger
BSV::MCP,Module,BSV/MCP.md
BSV::MCP::Tools,Module,BSV/MCP/Tools.md
BSV::Auth,Module,BSV/Auth.md
BSV::Auth.AUTH_VERSION,Constant,BSV/Auth.md#constant-AUTH_VERSION
BSV::Auth.MSG_INITIAL_REQUEST,Constant,BSV/Auth.md#constant-MSG_INITIAL_REQUEST
BSV::Auth.MSG_INITIAL_RESPONSE,Constant,BSV/Auth.md#constant-MSG_INITIAL_RESPONSE
BSV::Auth.MSG_CERT_REQUEST,Constant,BSV/Auth.md#constant-MSG_CERT_REQUEST
BSV::Auth.MSG_CERT_RESPONSE,Constant,BSV/Auth.md#constant-MSG_CERT_RESPONSE
BSV::Auth.MSG_GENERAL,Constant,BSV/Auth.md#constant-MSG_GENERAL
BSV::Auth.get_verifiable_certificates,Method,BSV/Auth.md#method-c-get_verifiable_certificates
BSV::Auth.validate_certificates,Method,BSV/Auth.md#method-c-validate_certificates
BSV::Script,Module,BSV/Script.md
BSV::Wallet,Module,BSV/Wallet.md
BSV::Wallet.error_from_wire,Method,BSV/Wallet.md#method-c-error_from_wire
BSV::Wallet::Substrates,Module,BSV/Wallet/Substrates.md
BSV::Network,Module,BSV/Network.md
BSV::Overlay,Module,BSV/Overlay.md
BSV::Overlay.SHIPBroadcaster,Constant,BSV/Overlay.md#constant-SHIPBroadcaster
BSV::Storage,Module,BSV/Storage.md
BSV::Identity,Module,BSV/Identity.md
BSV::KVStore,Module,BSV/KVStore.md
BSV::Registry,Module,BSV/Registry.md
BSV::Attest,Module,BSV/Attest.md
BSV::Attest.VERSION,Constant,BSV/Attest.md#constant-VERSION
BSV::Attest.configuration,Method,BSV/Attest.md#method-c-configuration
BSV::Attest.configure,Method,BSV/Attest.md#method-c-configure
BSV::Attest.hash,Method,BSV/Attest.md#method-c-hash
BSV::Attest.publish,Method,BSV/Attest.md#method-c-publish
BSV::Attest.reset_configuration!,Method,BSV/Attest.md#method-c-reset_configuration-21
BSV::Attest.verify,Method,BSV/Attest.md#method-c-verify
BSV::Auth::Nonce,Module,BSV/Auth/Nonce.md
BSV::Auth::Nonce.PROTOCOL_ID,Constant,BSV/Auth/Nonce.md#constant-PROTOCOL_ID
BSV::Auth::Nonce.RANDOM_BYTES,Constant,BSV/Auth/Nonce.md#constant-RANDOM_BYTES
BSV::Auth::Nonce.create,Method,BSV/Auth/Nonce.md#method-c-create
BSV::Auth::Nonce.decode_as_utf8,Method,BSV/Auth/Nonce.md#method-c-decode_as_utf8
BSV::Auth::Nonce.verify,Method,BSV/Auth/Nonce.md#method-c-verify
BSV::MCP::Server,Module,BSV/MCP/Server.md
BSV::MCP::Server.build,Method,BSV/MCP/Server.md#method-c-build
BSV::MCP::Server.registered_tools,Method,BSV/MCP/Server.md#method-c-registered_tools
BSV::MCP::Server.start,Method,BSV/MCP/Server.md#method-c-start
BSV::Primitives,Module,BSV/Primitives.md
BSV::Primitives.Secp256k1,Constant,BSV/Primitives.md#constant-Secp256k1
BSV::Transaction,Module,BSV/Transaction.md
BSV::Wallet::Wire,Module,BSV/Wallet/Wire.md
BSV::WireFormat,Module,BSV/WireFormat.md
BSV::WireFormat.MAX_DEPTH,Constant,BSV/WireFormat.md#constant-MAX_DEPTH
BSV::WireFormat.SNAKE_TO_CAMEL,Constant,BSV/WireFormat.md#constant-SNAKE_TO_CAMEL
BSV::WireFormat.CAMEL_TO_SNAKE,Constant,BSV/WireFormat.md#constant-CAMEL_TO_SNAKE
BSV::WireFormat.camel_to_snake,Method,BSV/WireFormat.md#method-c-camel_to_snake
BSV::WireFormat.from_wire,Method,BSV/WireFormat.md#method-c-from_wire
BSV::WireFormat.shallow_from_wire,Method,BSV/WireFormat.md#method-c-shallow_from_wire
BSV::WireFormat.shallow_to_wire,Method,BSV/WireFormat.md#method-c-shallow_to_wire
BSV::WireFormat.snake_to_camel,Method,BSV/WireFormat.md#method-c-snake_to_camel
BSV::WireFormat.to_wire,Method,BSV/WireFormat.md#method-c-to_wire
BSV::Network::Util,Module,BSV/Network/Util.md
BSV::Network::Util.resolve_tx_hex,Method,BSV/Network/Util.md#method-c-resolve_tx_hex
BSV::Network::Util.safe_parse_json,Method,BSV/Network/Util.md#method-c-safe_parse_json
BSV::Script::BIP276,Module,BSV/Script/BIP276.md
BSV::Script::BIP276.PREFIX_SCRIPT,Constant,BSV/Script/BIP276.md#constant-PREFIX_SCRIPT
BSV::Script::BIP276.PREFIX_TEMPLATE,Constant,BSV/Script/BIP276.md#constant-PREFIX_TEMPLATE
BSV::Script::BIP276.CURRENT_VERSION,Constant,BSV/Script/BIP276.md#constant-CURRENT_VERSION
BSV::Script::BIP276.NETWORK_MAINNET,Constant,BSV/Script/BIP276.md#constant-NETWORK_MAINNET
BSV::Script::BIP276.NETWORK_TESTNET,Constant,BSV/Script/BIP276.md#constant-NETWORK_TESTNET
BSV::Script::BIP276.VALID_BIP276,Constant,BSV/Script/BIP276.md#constant-VALID_BIP276
BSV::Script::BIP276.decode,Method,BSV/Script/BIP276.md#method-c-decode
BSV::Script::BIP276.decode_script,Method,BSV/Script/BIP276.md#method-c-decode_script
BSV::Script::BIP276.decode_template,Method,BSV/Script/BIP276.md#method-c-decode_template
BSV::Script::BIP276.encode,Method,BSV/Script/BIP276.md#method-c-encode
BSV::Script::BIP276.encode_script,Method,BSV/Script/BIP276.md#method-c-encode_script
BSV::Script::BIP276.encode_template,Method,BSV/Script/BIP276.md#method-c-encode_template
BSV::Storage::Utils,Module,BSV/Storage/Utils.md
BSV::Storage::Utils.UHRP_PREFIX,Constant,BSV/Storage/Utils.md#constant-UHRP_PREFIX
BSV::Storage::Utils.get_hash_from_url,Method,BSV/Storage/Utils.md#method-c-get_hash_from_url
BSV::Storage::Utils.get_url_for_file,Method,BSV/Storage/Utils.md#method-c-get_url_for_file
BSV::Storage::Utils.get_url_for_hash,Method,BSV/Storage/Utils.md#method-c-get_url_for_hash
BSV::Storage::Utils.normalize_url,Method,BSV/Storage/Utils.md#method-c-normalize_url
BSV::Storage::Utils.valid_url?,Method,BSV/Storage/Utils.md#method-c-valid_url-3F
BSV::Auth::Transport,Module,BSV/Auth/Transport.md
BSV::Auth::Transport.on_data,Method,BSV/Auth/Transport.md#method-i-on_data
BSV::Auth::Transport.send,Method,BSV/Auth/Transport.md#method-i-send
BSV::Primitives::BSM,Module,BSV/Primitives/BSM.md
BSV::Primitives::BSM.MAGIC_PREFIX,Constant,BSV/Primitives/BSM.md#constant-MAGIC_PREFIX
BSV::Primitives::BSM.magic_hash,Method,BSV/Primitives/BSM.md#method-c-magic_hash
BSV::Primitives::BSM.sign,Method,BSV/Primitives/BSM.md#method-c-sign
BSV::Primitives::BSM.verify,Method,BSV/Primitives/BSM.md#method-c-verify
BSV::Primitives::Hex,Module,BSV/Primitives/Hex.md
BSV::Primitives::Hex.HEX_RE,Constant,BSV/Primitives/Hex.md#constant-HEX_RE
BSV::Primitives::Hex.decode,Method,BSV/Primitives/Hex.md#method-c-decode
BSV::Primitives::Hex.encode,Method,BSV/Primitives/Hex.md#method-c-encode
BSV::Primitives::Hex.valid?,Method,BSV/Primitives/Hex.md#method-c-valid-3F
BSV::Primitives::Hex.validate!,Method,BSV/Primitives/Hex.md#method-c-validate-21
BSV::Primitives::Hex.validate_dtxid_hex!,Method,BSV/Primitives/Hex.md#method-c-validate_dtxid_hex-21
BSV::Primitives::Hex.validate_hash32!,Method,BSV/Primitives/Hex.md#method-c-validate_hash32-21
BSV::Primitives::Hex.validate_wtxid!,Method,BSV/Primitives/Hex.md#method-c-validate_wtxid-21
BSV::Registry::DefinitionType,Module,BSV/Registry/DefinitionType.md
BSV::Registry::DefinitionType.BASKET,Constant,BSV/Registry/DefinitionType.md#constant-BASKET
BSV::Registry::DefinitionType.PROTOCOL,Constant,BSV/Registry/DefinitionType.md#constant-PROTOCOL
BSV::Registry::DefinitionType.CERTIFICATE,Constant,BSV/Registry/DefinitionType.md#constant-CERTIFICATE
BSV::Registry::DefinitionType.ALL,Constant,BSV/Registry/DefinitionType.md#constant-ALL
BSV::Script::Opcodes,Module,BSV/Script/Opcodes.md
BSV::Script::Opcodes.OP_0,Constant,BSV/Script/Opcodes.md#constant-OP_0
BSV::Script::Opcodes.OP_FALSE,Constant,BSV/Script/Opcodes.md#constant-OP_FALSE
BSV::Script::Opcodes.OP_PUSHDATA1,Constant,BSV/Script/Opcodes.md#constant-OP_PUSHDATA1
BSV::Script::Opcodes.OP_PUSHDATA2,Constant,BSV/Script/Opcodes.md#constant-OP_PUSHDATA2
BSV::Script::Opcodes.OP_PUSHDATA4,Constant,BSV/Script/Opcodes.md#constant-OP_PUSHDATA4
BSV::Script::Opcodes.OP_1NEGATE,Constant,BSV/Script/Opcodes.md#constant-OP_1NEGATE
BSV::Script::Opcodes.OP_RESERVED,Constant,BSV/Script/Opcodes.md#constant-OP_RESERVED
BSV::Script::Opcodes.OP_1,Constant,BSV/Script/Opcodes.md#constant-OP_1
BSV::Script::Opcodes.OP_TRUE,Constant,BSV/Script/Opcodes.md#constant-OP_TRUE
BSV::Script::Opcodes.OP_2,Constant,BSV/Script/Opcodes.md#constant-OP_2
BSV::Script::Opcodes.OP_3,Constant,BSV/Script/Opcodes.md#constant-OP_3
BSV::Script::Opcodes.OP_4,Constant,BSV/Script/Opcodes.md#constant-OP_4
BSV::Script::Opcodes.OP_5,Constant,BSV/Script/Opcodes.md#constant-OP_5
BSV::Script::Opcodes.OP_6,Constant,BSV/Script/Opcodes.md#constant-OP_6
BSV::Script::Opcodes.OP_7,Constant,BSV/Script/Opcodes.md#constant-OP_7
BSV::Script::Opcodes.OP_8,Constant,BSV/Script/Opcodes.md#constant-OP_8
BSV::Script::Opcodes.OP_9,Constant,BSV/Script/Opcodes.md#constant-OP_9
BSV::Script::Opcodes.OP_10,Constant,BSV/Script/Opcodes.md#constant-OP_10
BSV::Script::Opcodes.OP_11,Constant,BSV/Script/Opcodes.md#constant-OP_11
BSV::Script::Opcodes.OP_12,Constant,BSV/Script/Opcodes.md#constant-OP_12
BSV::Script::Opcodes.OP_13,Constant,BSV/Script/Opcodes.md#constant-OP_13
BSV::Script::Opcodes.OP_14,Constant,BSV/Script/Opcodes.md#constant-OP_14
BSV::Script::Opcodes.OP_15,Constant,BSV/Script/Opcodes.md#constant-OP_15
BSV::Script::Opcodes.OP_16,Constant,BSV/Script/Opcodes.md#constant-OP_16
BSV::Script::Opcodes.OP_NOP,Constant,BSV/Script/Opcodes.md#constant-OP_NOP
BSV::Script::Opcodes.OP_VER,Constant,BSV/Script/Opcodes.md#constant-OP_VER
BSV::Script::Opcodes.OP_IF,Constant,BSV/Script/Opcodes.md#constant-OP_IF
BSV::Script::Opcodes.OP_NOTIF,Constant,BSV/Script/Opcodes.md#constant-OP_NOTIF
BSV::Script::Opcodes.OP_VERIF,Constant,BSV/Script/Opcodes.md#constant-OP_VERIF
BSV::Script::Opcodes.OP_VERNOTIF,Constant,BSV/Script/Opcodes.md#constant-OP_VERNOTIF
BSV::Script::Opcodes.OP_ELSE,Constant,BSV/Script/Opcodes.md#constant-OP_ELSE
BSV::Script::Opcodes.OP_ENDIF,Constant,BSV/Script/Opcodes.md#constant-OP_ENDIF
BSV::Script::Opcodes.OP_VERIFY,Constant,BSV/Script/Opcodes.md#constant-OP_VERIFY
BSV::Script::Opcodes.OP_RETURN,Constant,BSV/Script/Opcodes.md#constant-OP_RETURN
BSV::Script::Opcodes.OP_TOALTSTACK,Constant,BSV/Script/Opcodes.md#constant-OP_TOALTSTACK
BSV::Script::Opcodes.OP_FROMALTSTACK,Constant,BSV/Script/Opcodes.md#constant-OP_FROMALTSTACK
BSV::Script::Opcodes.OP_2DROP,Constant,BSV/Script/Opcodes.md#constant-OP_2DROP
BSV::Script::Opcodes.OP_2DUP,Constant,BSV/Script/Opcodes.md#constant-OP_2DUP
BSV::Script::Opcodes.OP_3DUP,Constant,BSV/Script/Opcodes.md#constant-OP_3DUP
BSV::Script::Opcodes.OP_2OVER,Constant,BSV/Script/Opcodes.md#constant-OP_2OVER
BSV::Script::Opcodes.OP_2ROT,Constant,BSV/Script/Opcodes.md#constant-OP_2ROT
BSV::Script::Opcodes.OP_2SWAP,Constant,BSV/Script/Opcodes.md#constant-OP_2SWAP
BSV::Script::Opcodes.OP_IFDUP,Constant,BSV/Script/Opcodes.md#constant-OP_IFDUP
BSV::Script::Opcodes.OP_DEPTH,Constant,BSV/Script/Opcodes.md#constant-OP_DEPTH
BSV::Script::Opcodes.OP_DROP,Constant,BSV/Script/Opcodes.md#constant-OP_DROP
BSV::Script::Opcodes.OP_DUP,Constant,BSV/Script/Opcodes.md#constant-OP_DUP
BSV::Script::Opcodes.OP_NIP,Constant,BSV/Script/Opcodes.md#constant-OP_NIP
BSV::Script::Opcodes.OP_OVER,Constant,BSV/Script/Opcodes.md#constant-OP_OVER
BSV::Script::Opcodes.OP_PICK,Constant,BSV/Script/Opcodes.md#constant-OP_PICK
BSV::Script::Opcodes.OP_ROLL,Constant,BSV/Script/Opcodes.md#constant-OP_ROLL
BSV::Script::Opcodes.OP_ROT,Constant,BSV/Script/Opcodes.md#constant-OP_ROT
BSV::Script::Opcodes.OP_SWAP,Constant,BSV/Script/Opcodes.md#constant-OP_SWAP
BSV::Script::Opcodes.OP_TUCK,Constant,BSV/Script/Opcodes.md#constant-OP_TUCK
BSV::Script::Opcodes.OP_CAT,Constant,BSV/Script/Opcodes.md#constant-OP_CAT
BSV::Script::Opcodes.OP_SPLIT,Constant,BSV/Script/Opcodes.md#constant-OP_SPLIT
BSV::Script::Opcodes.OP_NUM2BIN,Constant,BSV/Script/Opcodes.md#constant-OP_NUM2BIN
BSV::Script::Opcodes.OP_BIN2NUM,Constant,BSV/Script/Opcodes.md#constant-OP_BIN2NUM
BSV::Script::Opcodes.OP_SIZE,Constant,BSV/Script/Opcodes.md#constant-OP_SIZE
BSV::Script::Opcodes.OP_INVERT,Constant,BSV/Script/Opcodes.md#constant-OP_INVERT
BSV::Script::Opcodes.OP_AND,Constant,BSV/Script/Opcodes.md#constant-OP_AND
BSV::Script::Opcodes.OP_OR,Constant,BSV/Script/Opcodes.md#constant-OP_OR
BSV::Script::Opcodes.OP_XOR,Constant,BSV/Script/Opcodes.md#constant-OP_XOR
BSV::Script::Opcodes.OP_EQUAL,Constant,BSV/Script/Opcodes.md#constant-OP_EQUAL
BSV::Script::Opcodes.OP_EQUALVERIFY,Constant,BSV/Script/Opcodes.md#constant-OP_EQUALVERIFY
BSV::Script::Opcodes.OP_RESERVED1,Constant,BSV/Script/Opcodes.md#constant-OP_RESERVED1
BSV::Script::Opcodes.OP_RESERVED2,Constant,BSV/Script/Opcodes.md#constant-OP_RESERVED2
BSV::Script::Opcodes.OP_1ADD,Constant,BSV/Script/Opcodes.md#constant-OP_1ADD
BSV::Script::Opcodes.OP_1SUB,Constant,BSV/Script/Opcodes.md#constant-OP_1SUB
BSV::Script::Opcodes.OP_2MUL,Constant,BSV/Script/Opcodes.md#constant-OP_2MUL
BSV::Script::Opcodes.OP_2DIV,Constant,BSV/Script/Opcodes.md#constant-OP_2DIV
BSV::Script::Opcodes.OP_NEGATE,Constant,BSV/Script/Opcodes.md#constant-OP_NEGATE
BSV::Script::Opcodes.OP_ABS,Constant,BSV/Script/Opcodes.md#constant-OP_ABS
BSV::Script::Opcodes.OP_NOT,Constant,BSV/Script/Opcodes.md#constant-OP_NOT
BSV::Script::Opcodes.OP_0NOTEQUAL,Constant,BSV/Script/Opcodes.md#constant-OP_0NOTEQUAL
BSV::Script::Opcodes.OP_ADD,Constant,BSV/Script/Opcodes.md#constant-OP_ADD
BSV::Script::Opcodes.OP_SUB,Constant,BSV/Script/Opcodes.md#constant-OP_SUB
BSV::Script::Opcodes.OP_MUL,Constant,BSV/Script/Opcodes.md#constant-OP_MUL
BSV::Script::Opcodes.OP_DIV,Constant,BSV/Script/Opcodes.md#constant-OP_DIV
BSV::Script::Opcodes.OP_MOD,Constant,BSV/Script/Opcodes.md#constant-OP_MOD
BSV::Script::Opcodes.OP_LSHIFT,Constant,BSV/Script/Opcodes.md#constant-OP_LSHIFT
BSV::Script::Opcodes.OP_RSHIFT,Constant,BSV/Script/Opcodes.md#constant-OP_RSHIFT
BSV::Script::Opcodes.OP_BOOLAND,Constant,BSV/Script/Opcodes.md#constant-OP_BOOLAND
BSV::Script::Opcodes.OP_BOOLOR,Constant,BSV/Script/Opcodes.md#constant-OP_BOOLOR
BSV::Script::Opcodes.OP_NUMEQUAL,Constant,BSV/Script/Opcodes.md#constant-OP_NUMEQUAL
BSV::Script::Opcodes.OP_NUMEQUALVERIFY,Constant,BSV/Script/Opcodes.md#constant-OP_NUMEQUALVERIFY
BSV::Script::Opcodes.OP_NUMNOTEQUAL,Constant,BSV/Script/Opcodes.md#constant-OP_NUMNOTEQUAL
BSV::Script::Opcodes.OP_LESSTHAN,Constant,BSV/Script/Opcodes.md#constant-OP_LESSTHAN
BSV::Script::Opcodes.OP_GREATERTHAN,Constant,BSV/Script/Opcodes.md#constant-OP_GREATERTHAN
BSV::Script::Opcodes.OP_LESSTHANOREQUAL,Constant,BSV/Script/Opcodes.md#constant-OP_LESSTHANOREQUAL
BSV::Script::Opcodes.OP_GREATERTHANOREQUAL,Constant,BSV/Script/Opcodes.md#constant-OP_GREATERTHANOREQUAL
BSV::Script::Opcodes.OP_MIN,Constant,BSV/Script/Opcodes.md#constant-OP_MIN
BSV::Script::Opcodes.OP_MAX,Constant,BSV/Script/Opcodes.md#constant-OP_MAX
BSV::Script::Opcodes.OP_WITHIN,Constant,BSV/Script/Opcodes.md#constant-OP_WITHIN
BSV::Script::Opcodes.OP_RIPEMD160,Constant,BSV/Script/Opcodes.md#constant-OP_RIPEMD160
BSV::Script::Opcodes.OP_SHA1,Constant,BSV/Script/Opcodes.md#constant-OP_SHA1
BSV::Script::Opcodes.OP_SHA256,Constant,BSV/Script/Opcodes.md#constant-OP_SHA256
BSV::Script::Opcodes.OP_HASH160,Constant,BSV/Script/Opcodes.md#constant-OP_HASH160
BSV::Script::Opcodes.OP_HASH256,Constant,BSV/Script/Opcodes.md#constant-OP_HASH256
BSV::Script::Opcodes.OP_CODESEPARATOR,Constant,BSV/Script/Opcodes.md#constant-OP_CODESEPARATOR
BSV::Script::Opcodes.OP_CHECKSIG,Constant,BSV/Script/Opcodes.md#constant-OP_CHECKSIG
BSV::Script::Opcodes.OP_CHECKSIGVERIFY,Constant,BSV/Script/Opcodes.md#constant-OP_CHECKSIGVERIFY
BSV::Script::Opcodes.OP_CHECKMULTISIG,Constant,BSV/Script/Opcodes.md#constant-OP_CHECKMULTISIG
BSV::Script::Opcodes.OP_CHECKMULTISIGVERIFY,Constant,BSV/Script/Opcodes.md#constant-OP_CHECKMULTISIGVERIFY
BSV::Script::Opcodes.OP_NOP1,Constant,BSV/Script/Opcodes.md#constant-OP_NOP1
BSV::Script::Opcodes.OP_CHECKLOCKTIMEVERIFY,Constant,BSV/Script/Opcodes.md#constant-OP_CHECKLOCKTIMEVERIFY
BSV::Script::Opcodes.OP_CHECKSEQUENCEVERIFY,Constant,BSV/Script/Opcodes.md#constant-OP_CHECKSEQUENCEVERIFY
BSV::Script::Opcodes.OP_SUBSTR,Constant,BSV/Script/Opcodes.md#constant-OP_SUBSTR
BSV::Script::Opcodes.OP_LEFT,Constant,BSV/Script/Opcodes.md#constant-OP_LEFT
BSV::Script::Opcodes.OP_RIGHT,Constant,BSV/Script/Opcodes.md#constant-OP_RIGHT
BSV::Script::Opcodes.OP_LSHIFTNUM,Constant,BSV/Script/Opcodes.md#constant-OP_LSHIFTNUM
BSV::Script::Opcodes.OP_RSHIFTNUM,Constant,BSV/Script/Opcodes.md#constant-OP_RSHIFTNUM
BSV::Script::Opcodes.OP_NOP4,Constant,BSV/Script/Opcodes.md#constant-OP_NOP4
BSV::Script::Opcodes.OP_NOP5,Constant,BSV/Script/Opcodes.md#constant-OP_NOP5
BSV::Script::Opcodes.OP_NOP6,Constant,BSV/Script/Opcodes.md#constant-OP_NOP6
BSV::Script::Opcodes.OP_NOP7,Constant,BSV/Script/Opcodes.md#constant-OP_NOP7
BSV::Script::Opcodes.OP_NOP8,Constant,BSV/Script/Opcodes.md#constant-OP_NOP8
BSV::Script::Opcodes.OP_NOP9,Constant,BSV/Script/Opcodes.md#constant-OP_NOP9
BSV::Script::Opcodes.OP_NOP10,Constant,BSV/Script/Opcodes.md#constant-OP_NOP10
BSV::Script::Opcodes.OP_NOP11,Constant,BSV/Script/Opcodes.md#constant-OP_NOP11
BSV::Script::Opcodes.OP_NOP12,Constant,BSV/Script/Opcodes.md#constant-OP_NOP12
BSV::Script::Opcodes.OP_NOP13,Constant,BSV/Script/Opcodes.md#constant-OP_NOP13
BSV::Script::Opcodes.OP_NOP14,Constant,BSV/Script/Opcodes.md#constant-OP_NOP14
BSV::Script::Opcodes.OP_NOP15,Constant,BSV/Script/Opcodes.md#constant-OP_NOP15
BSV::Script::Opcodes.OP_NOP16,Constant,BSV/Script/Opcodes.md#constant-OP_NOP16
BSV::Script::Opcodes.OP_NOP17,Constant,BSV/Script/Opcodes.md#constant-OP_NOP17
BSV::Script::Opcodes.OP_NOP18,Constant,BSV/Script/Opcodes.md#constant-OP_NOP18
BSV::Script::Opcodes.OP_NOP19,Constant,BSV/Script/Opcodes.md#constant-OP_NOP19
BSV::Script::Opcodes.OP_NOP20,Constant,BSV/Script/Opcodes.md#constant-OP_NOP20
BSV::Script::Opcodes.OP_NOP21,Constant,BSV/Script/Opcodes.md#constant-OP_NOP21
BSV::Script::Opcodes.OP_NOP22,Constant,BSV/Script/Opcodes.md#constant-OP_NOP22
BSV::Script::Opcodes.OP_NOP23,Constant,BSV/Script/Opcodes.md#constant-OP_NOP23
BSV::Script::Opcodes.OP_NOP24,Constant,BSV/Script/Opcodes.md#constant-OP_NOP24
BSV::Script::Opcodes.OP_NOP25,Constant,BSV/Script/Opcodes.md#constant-OP_NOP25
BSV::Script::Opcodes.OP_NOP26,Constant,BSV/Script/Opcodes.md#constant-OP_NOP26
BSV::Script::Opcodes.OP_NOP27,Constant,BSV/Script/Opcodes.md#constant-OP_NOP27
BSV::Script::Opcodes.OP_NOP28,Constant,BSV/Script/Opcodes.md#constant-OP_NOP28
BSV::Script::Opcodes.OP_NOP29,Constant,BSV/Script/Opcodes.md#constant-OP_NOP29
BSV::Script::Opcodes.OP_NOP30,Constant,BSV/Script/Opcodes.md#constant-OP_NOP30
BSV::Script::Opcodes.OP_NOP31,Constant,BSV/Script/Opcodes.md#constant-OP_NOP31
BSV::Script::Opcodes.OP_NOP32,Constant,BSV/Script/Opcodes.md#constant-OP_NOP32
BSV::Script::Opcodes.OP_NOP33,Constant,BSV/Script/Opcodes.md#constant-OP_NOP33
BSV::Script::Opcodes.OP_NOP34,Constant,BSV/Script/Opcodes.md#constant-OP_NOP34
BSV::Script::Opcodes.OP_NOP35,Constant,BSV/Script/Opcodes.md#constant-OP_NOP35
BSV::Script::Opcodes.OP_NOP36,Constant,BSV/Script/Opcodes.md#constant-OP_NOP36
BSV::Script::Opcodes.OP_NOP37,Constant,BSV/Script/Opcodes.md#constant-OP_NOP37
BSV::Script::Opcodes.OP_NOP38,Constant,BSV/Script/Opcodes.md#constant-OP_NOP38
BSV::Script::Opcodes.OP_NOP39,Constant,BSV/Script/Opcodes.md#constant-OP_NOP39
BSV::Script::Opcodes.OP_NOP40,Constant,BSV/Script/Opcodes.md#constant-OP_NOP40
BSV::Script::Opcodes.OP_NOP41,Constant,BSV/Script/Opcodes.md#constant-OP_NOP41
BSV::Script::Opcodes.OP_NOP42,Constant,BSV/Script/Opcodes.md#constant-OP_NOP42
BSV::Script::Opcodes.OP_NOP43,Constant,BSV/Script/Opcodes.md#constant-OP_NOP43
BSV::Script::Opcodes.OP_NOP44,Constant,BSV/Script/Opcodes.md#constant-OP_NOP44
BSV::Script::Opcodes.OP_NOP45,Constant,BSV/Script/Opcodes.md#constant-OP_NOP45
BSV::Script::Opcodes.OP_NOP46,Constant,BSV/Script/Opcodes.md#constant-OP_NOP46
BSV::Script::Opcodes.OP_NOP47,Constant,BSV/Script/Opcodes.md#constant-OP_NOP47
BSV::Script::Opcodes.OP_NOP48,Constant,BSV/Script/Opcodes.md#constant-OP_NOP48
BSV::Script::Opcodes.OP_NOP49,Constant,BSV/Script/Opcodes.md#constant-OP_NOP49
BSV::Script::Opcodes.OP_NOP50,Constant,BSV/Script/Opcodes.md#constant-OP_NOP50
BSV::Script::Opcodes.OP_NOP51,Constant,BSV/Script/Opcodes.md#constant-OP_NOP51
BSV::Script::Opcodes.OP_NOP52,Constant,BSV/Script/Opcodes.md#constant-OP_NOP52
BSV::Script::Opcodes.OP_NOP53,Constant,BSV/Script/Opcodes.md#constant-OP_NOP53
BSV::Script::Opcodes.OP_NOP54,Constant,BSV/Script/Opcodes.md#constant-OP_NOP54
BSV::Script::Opcodes.OP_NOP55,Constant,BSV/Script/Opcodes.md#constant-OP_NOP55
BSV::Script::Opcodes.OP_NOP56,Constant,BSV/Script/Opcodes.md#constant-OP_NOP56
BSV::Script::Opcodes.OP_NOP57,Constant,BSV/Script/Opcodes.md#constant-OP_NOP57
BSV::Script::Opcodes.OP_NOP58,Constant,BSV/Script/Opcodes.md#constant-OP_NOP58
BSV::Script::Opcodes.OP_NOP59,Constant,BSV/Script/Opcodes.md#constant-OP_NOP59
BSV::Script::Opcodes.OP_NOP60,Constant,BSV/Script/Opcodes.md#constant-OP_NOP60
BSV::Script::Opcodes.OP_NOP61,Constant,BSV/Script/Opcodes.md#constant-OP_NOP61
BSV::Script::Opcodes.OP_NOP62,Constant,BSV/Script/Opcodes.md#constant-OP_NOP62
BSV::Script::Opcodes.OP_NOP63,Constant,BSV/Script/Opcodes.md#constant-OP_NOP63
BSV::Script::Opcodes.OP_NOP64,Constant,BSV/Script/Opcodes.md#constant-OP_NOP64
BSV::Script::Opcodes.OP_NOP65,Constant,BSV/Script/Opcodes.md#constant-OP_NOP65
BSV::Script::Opcodes.OP_NOP66,Constant,BSV/Script/Opcodes.md#constant-OP_NOP66
BSV::Script::Opcodes.OP_NOP67,Constant,BSV/Script/Opcodes.md#constant-OP_NOP67
BSV::Script::Opcodes.OP_NOP68,Constant,BSV/Script/Opcodes.md#constant-OP_NOP68
BSV::Script::Opcodes.OP_NOP69,Constant,BSV/Script/Opcodes.md#constant-OP_NOP69
BSV::Script::Opcodes.OP_NOP70,Constant,BSV/Script/Opcodes.md#constant-OP_NOP70
BSV::Script::Opcodes.OP_NOP71,Constant,BSV/Script/Opcodes.md#constant-OP_NOP71
BSV::Script::Opcodes.OP_NOP72,Constant,BSV/Script/Opcodes.md#constant-OP_NOP72
BSV::Script::Opcodes.OP_NOP73,Constant,BSV/Script/Opcodes.md#constant-OP_NOP73
BSV::Script::Opcodes.OP_NOP74,Constant,BSV/Script/Opcodes.md#constant-OP_NOP74
BSV::Script::Opcodes.OP_NOP75,Constant,BSV/Script/Opcodes.md#constant-OP_NOP75
BSV::Script::Opcodes.OP_NOP76,Constant,BSV/Script/Opcodes.md#constant-OP_NOP76
BSV::Script::Opcodes.OP_NOP77,Constant,BSV/Script/Opcodes.md#constant-OP_NOP77
BSV::Script::Opcodes.OP_PUBKEYHASH,Constant,BSV/Script/Opcodes.md#constant-OP_PUBKEYHASH
BSV::Script::Opcodes.OP_PUBKEY,Constant,BSV/Script/Opcodes.md#constant-OP_PUBKEY
BSV::Script::Opcodes.OP_INVALIDOPCODE,Constant,BSV/Script/Opcodes.md#constant-OP_INVALIDOPCODE
BSV::Script::Opcodes.NAME,Constant,BSV/Script/Opcodes.md#constant-NAME
BSV::Script::Opcodes.name_for,Method,BSV/Script/Opcodes.md#method-c-name_for
BSV::Primitives::Curve,Module,BSV/Primitives/Curve.md
BSV::Primitives::Curve.GROUP,Constant,BSV/Primitives/Curve.md#constant-GROUP
BSV::Primitives::Curve.N,Constant,BSV/Primitives/Curve.md#constant-N
BSV::Primitives::Curve.G,Constant,BSV/Primitives/Curve.md#constant-G
BSV::Primitives::Curve.HALF_N,Constant,BSV/Primitives/Curve.md#constant-HALF_N
BSV::Primitives::Curve.add_points,Method,BSV/Primitives/Curve.md#method-c-add_points
BSV::Primitives::Curve.multiply_generator,Method,BSV/Primitives/Curve.md#method-c-multiply_generator
BSV::Primitives::Curve.multiply_generator_ct,Method,BSV/Primitives/Curve.md#method-c-multiply_generator_ct
BSV::Primitives::Curve.multiply_generator_vt,Method,BSV/Primitives/Curve.md#method-c-multiply_generator_vt
BSV::Primitives::Curve.multiply_point,Method,BSV/Primitives/Curve.md#method-c-multiply_point
BSV::Primitives::Curve.multiply_point_ct,Method,BSV/Primitives/Curve.md#method-c-multiply_point_ct
BSV::Primitives::Curve.multiply_point_vt,Method,BSV/Primitives/Curve.md#method-c-multiply_point_vt
BSV::Primitives::Curve.point_from_bytes,Method,BSV/Primitives/Curve.md#method-c-point_from_bytes
BSV::Primitives::Curve.point_x,Method,BSV/Primitives/Curve.md#method-c-point_x
BSV::Primitives::ECDSA,Module,BSV/Primitives/ECDSA.md
BSV::Primitives::ECDSA.BYTE_LEN,Constant,BSV/Primitives/ECDSA.md#constant-BYTE_LEN
BSV::Primitives::ECDSA.recover_public_key,Method,BSV/Primitives/ECDSA.md#method-c-recover_public_key
BSV::Primitives::ECDSA.sign,Method,BSV/Primitives/ECDSA.md#method-c-sign
BSV::Primitives::ECDSA.sign_recoverable,Method,BSV/Primitives/ECDSA.md#method-c-sign_recoverable
BSV::Primitives::ECDSA.verify,Method,BSV/Primitives/ECDSA.md#method-c-verify
BSV::Primitives::ECIES,Module,BSV/Primitives/ECIES.md
BSV::Primitives::ECIES.MAGIC,Constant,BSV/Primitives/ECIES.md#constant-MAGIC
BSV::Primitives::ECIES.bitcore_decrypt,Method,BSV/Primitives/ECIES.md#method-c-bitcore_decrypt
BSV::Primitives::ECIES.bitcore_encrypt,Method,BSV/Primitives/ECIES.md#method-c-bitcore_encrypt
BSV::Primitives::ECIES.decrypt,Method,BSV/Primitives/ECIES.md#method-c-decrypt
BSV::Primitives::ECIES.encrypt,Method,BSV/Primitives/ECIES.md#method-c-encrypt
BSV::Wallet::Interface,Module,BSV/Wallet/Interface.md
BSV::Auth::AuthHeaders,Module,BSV/Auth/AuthHeaders.md
BSV::Auth::AuthHeaders.AUTH_PREFIX,Constant,BSV/Auth/AuthHeaders.md#constant-AUTH_PREFIX
BSV::Auth::AuthHeaders.PAYMENT_PREFIX,Constant,BSV/Auth/AuthHeaders.md#constant-PAYMENT_PREFIX
BSV::Auth::AuthHeaders.BSV_PREFIX,Constant,BSV/Auth/AuthHeaders.md#constant-BSV_PREFIX
BSV::Auth::AuthHeaders.VERSION,Constant,BSV/Auth/AuthHeaders.md#constant-VERSION
BSV::Auth::AuthHeaders.IDENTITY_KEY,Constant,BSV/Auth/AuthHeaders.md#constant-IDENTITY_KEY
BSV::Auth::AuthHeaders.NONCE,Constant,BSV/Auth/AuthHeaders.md#constant-NONCE
BSV::Auth::AuthHeaders.YOUR_NONCE,Constant,BSV/Auth/AuthHeaders.md#constant-YOUR_NONCE
BSV::Auth::AuthHeaders.REQUEST_ID,Constant,BSV/Auth/AuthHeaders.md#constant-REQUEST_ID
BSV::Auth::AuthHeaders.MESSAGE_TYPE,Constant,BSV/Auth/AuthHeaders.md#constant-MESSAGE_TYPE
BSV::Auth::AuthHeaders.SIGNATURE,Constant,BSV/Auth/AuthHeaders.md#constant-SIGNATURE
BSV::Auth::AuthHeaders.REQUESTED_CERTIFICATES,Constant,BSV/Auth/AuthHeaders.md#constant-REQUESTED_CERTIFICATES
BSV::Auth::AuthHeaders.PAYMENT_VERSION,Constant,BSV/Auth/AuthHeaders.md#constant-PAYMENT_VERSION
BSV::Auth::AuthHeaders.PAYMENT_SATOSHIS_REQUIRED,Constant,BSV/Auth/AuthHeaders.md#constant-PAYMENT_SATOSHIS_REQUIRED
BSV::Auth::AuthHeaders.PAYMENT_DERIVATION_PREFIX,Constant,BSV/Auth/AuthHeaders.md#constant-PAYMENT_DERIVATION_PREFIX
BSV::Auth::AuthHeaders.PAYMENT,Constant,BSV/Auth/AuthHeaders.md#constant-PAYMENT
BSV::Auth::AuthHeaders.extract_auth_headers,Method,BSV/Auth/AuthHeaders.md#method-c-extract_auth_headers
BSV::Auth::AuthHeaders.filter_request_headers,Method,BSV/Auth/AuthHeaders.md#method-c-filter_request_headers
BSV::Auth::AuthHeaders.filter_response_headers,Method,BSV/Auth/AuthHeaders.md#method-c-filter_response_headers
BSV::Auth::AuthPayload,Module,BSV/Auth/AuthPayload.md
BSV::Auth::AuthPayload.ABSENT,Constant,BSV/Auth/AuthPayload.md#constant-ABSENT
BSV::Auth::AuthPayload.METHODS_WITH_BODY,Constant,BSV/Auth/AuthPayload.md#constant-METHODS_WITH_BODY
BSV::Auth::AuthPayload.deserialize_request,Method,BSV/Auth/AuthPayload.md#method-c-deserialize_request
BSV::Auth::AuthPayload.deserialize_response,Method,BSV/Auth/AuthPayload.md#method-c-deserialize_response
BSV::Auth::AuthPayload.serialize_request,Method,BSV/Auth/AuthPayload.md#method-c-serialize_request
BSV::Auth::AuthPayload.serialize_response,Method,BSV/Auth/AuthPayload.md#method-c-serialize_response
BSV::MCP::Tools::Helpers,Module,BSV/MCP/Tools/Helpers.md
BSV::MCP::Tools::Helpers.error_response,Method,BSV/MCP/Tools/Helpers.md#method-c-error_response
BSV::MCP::Tools::Helpers.input_to_h,Method,BSV/MCP/Tools/Helpers.md#method-c-input_to_h
BSV::MCP::Tools::Helpers.output_to_h,Method,BSV/MCP/Tools/Helpers.md#method-c-output_to_h
BSV::MCP::Tools::Helpers.resolve_network_sym,Method,BSV/MCP/Tools/Helpers.md#method-c-resolve_network_sym
BSV::MCP::Tools::Helpers.transaction_to_h,Method,BSV/MCP/Tools/Helpers.md#method-c-transaction_to_h
BSV::MCP::Tools::Helpers.utxo_to_h,Method,BSV/MCP/Tools/Helpers.md#method-c-utxo_to_h
BSV::Network::Protocols,Module,BSV/Network/Protocols.md
BSV::Network::Providers,Module,BSV/Network/Providers.md
BSV::Overlay::Constants,Module,BSV/Overlay/Constants.md
BSV::Overlay::Constants.PROTOCOL_SHIP,Constant,BSV/Overlay/Constants.md#constant-PROTOCOL_SHIP
BSV::Overlay::Constants.PROTOCOL_SLAP,Constant,BSV/Overlay/Constants.md#constant-PROTOCOL_SLAP
BSV::Overlay::Constants.PROTOCOL_ID_SHIP,Constant,BSV/Overlay/Constants.md#constant-PROTOCOL_ID_SHIP
BSV::Overlay::Constants.PROTOCOL_ID_SLAP,Constant,BSV/Overlay/Constants.md#constant-PROTOCOL_ID_SLAP
BSV::Overlay::Constants.DERIVE_PROTOCOL_SHIP,Constant,BSV/Overlay/Constants.md#constant-DERIVE_PROTOCOL_SHIP
BSV::Overlay::Constants.DERIVE_PROTOCOL_SLAP,Constant,BSV/Overlay/Constants.md#constant-DERIVE_PROTOCOL_SLAP
BSV::Overlay::Constants.DEFAULT_SLAP_TRACKERS,Constant,BSV/Overlay/Constants.md#constant-DEFAULT_SLAP_TRACKERS
BSV::Overlay::Constants.DEFAULT_TESTNET_SLAP_TRACKERS,Constant,BSV/Overlay/Constants.md#constant-DEFAULT_TESTNET_SLAP_TRACKERS
BSV::Overlay::Constants.NETWORK_PRESETS,Constant,BSV/Overlay/Constants.md#constant-NETWORK_PRESETS
BSV::Primitives::Base58,Module,BSV/Primitives/Base58.md
BSV::Primitives::Base58.ALPHABET,Constant,BSV/Primitives/Base58.md#constant-ALPHABET
BSV::Primitives::Base58.BASE,Constant,BSV/Primitives/Base58.md#constant-BASE
BSV::Primitives::Base58.DECODE_MAP,Constant,BSV/Primitives/Base58.md#constant-DECODE_MAP
BSV::Primitives::Base58.check_decode,Method,BSV/Primitives/Base58.md#method-c-check_decode
BSV::Primitives::Base58.check_encode,Method,BSV/Primitives/Base58.md#method-c-check_encode
BSV::Primitives::Base58.decode,Method,BSV/Primitives/Base58.md#method-c-decode
BSV::Primitives::Base58.encode,Method,BSV/Primitives/Base58.md#method-c-encode
BSV::Primitives::Digest,Module,BSV/Primitives/Digest.md
BSV::Primitives::Digest.hash160,Method,BSV/Primitives/Digest.md#method-c-hash160
BSV::Primitives::Digest.hmac_sha256,Method,BSV/Primitives/Digest.md#method-c-hmac_sha256
BSV::Primitives::Digest.hmac_sha512,Method,BSV/Primitives/Digest.md#method-c-hmac_sha512
BSV::Primitives::Digest.pbkdf2_hmac_sha512,Method,BSV/Primitives/Digest.md#method-c-pbkdf2_hmac_sha512
BSV::Primitives::Digest.ripemd160,Method,BSV/Primitives/Digest.md#method-c-ripemd160
BSV::Primitives::Digest.sha1,Method,BSV/Primitives/Digest.md#method-c-sha1
BSV::Primitives::Digest.sha256,Method,BSV/Primitives/Digest.md#method-c-sha256
BSV::Primitives::Digest.sha256d,Method,BSV/Primitives/Digest.md#method-c-sha256d
BSV::Primitives::Digest.sha512,Method,BSV/Primitives/Digest.md#method-c-sha512
BSV::Wallet::Serializer,Module,BSV/Wallet/Serializer.md
BSV::Wallet::Serializer.SERIALIZE_ARGS,Constant,BSV/Wallet/Serializer.md#constant-SERIALIZE_ARGS
BSV::Wallet::Serializer.DESERIALIZE_RESULT,Constant,BSV/Wallet/Serializer.md#constant-DESERIALIZE_RESULT
BSV::Wallet::Serializer.DESERIALIZE_ARGS,Constant,BSV/Wallet/Serializer.md#constant-DESERIALIZE_ARGS
BSV::Wallet::Serializer.SERIALIZE_RESULT,Constant,BSV/Wallet/Serializer.md#constant-SERIALIZE_RESULT
BSV::Wallet::Wire::Calls,Module,BSV/Wallet/Wire/Calls.md
BSV::Wallet::Wire::Calls.CREATE_ACTION,Constant,BSV/Wallet/Wire/Calls.md#constant-CREATE_ACTION
BSV::Wallet::Wire::Calls.SIGN_ACTION,Constant,BSV/Wallet/Wire/Calls.md#constant-SIGN_ACTION
BSV::Wallet::Wire::Calls.ABORT_ACTION,Constant,BSV/Wallet/Wire/Calls.md#constant-ABORT_ACTION
BSV::Wallet::Wire::Calls.LIST_ACTIONS,Constant,BSV/Wallet/Wire/Calls.md#constant-LIST_ACTIONS
BSV::Wallet::Wire::Calls.INTERNALIZE_ACTION,Constant,BSV/Wallet/Wire/Calls.md#constant-INTERNALIZE_ACTION
BSV::Wallet::Wire::Calls.LIST_OUTPUTS,Constant,BSV/Wallet/Wire/Calls.md#constant-LIST_OUTPUTS
BSV::Wallet::Wire::Calls.RELINQUISH_OUTPUT,Constant,BSV/Wallet/Wire/Calls.md#constant-RELINQUISH_OUTPUT
BSV::Wallet::Wire::Calls.GET_PUBLIC_KEY,Constant,BSV/Wallet/Wire/Calls.md#constant-GET_PUBLIC_KEY
BSV::Wallet::Wire::Calls.REVEAL_COUNTERPARTY_KEY_LINKAGE,Constant,BSV/Wallet/Wire/Calls.md#constant-REVEAL_COUNTERPARTY_KEY_LINKAGE
BSV::Wallet::Wire::Calls.REVEAL_SPECIFIC_KEY_LINKAGE,Constant,BSV/Wallet/Wire/Calls.md#constant-REVEAL_SPECIFIC_KEY_LINKAGE
BSV::Wallet::Wire::Calls.ENCRYPT,Constant,BSV/Wallet/Wire/Calls.md#constant-ENCRYPT
BSV::Wallet::Wire::Calls.DECRYPT,Constant,BSV/Wallet/Wire/Calls.md#constant-DECRYPT
BSV::Wallet::Wire::Calls.CREATE_HMAC,Constant,BSV/Wallet/Wire/Calls.md#constant-CREATE_HMAC
BSV::Wallet::Wire::Calls.VERIFY_HMAC,Constant,BSV/Wallet/Wire/Calls.md#constant-VERIFY_HMAC
BSV::Wallet::Wire::Calls.CREATE_SIGNATURE,Constant,BSV/Wallet/Wire/Calls.md#constant-CREATE_SIGNATURE
BSV::Wallet::Wire::Calls.VERIFY_SIGNATURE,Constant,BSV/Wallet/Wire/Calls.md#constant-VERIFY_SIGNATURE
BSV::Wallet::Wire::Calls.ACQUIRE_CERTIFICATE,Constant,BSV/Wallet/Wire/Calls.md#constant-ACQUIRE_CERTIFICATE
BSV::Wallet::Wire::Calls.LIST_CERTIFICATES,Constant,BSV/Wallet/Wire/Calls.md#constant-LIST_CERTIFICATES
BSV::Wallet::Wire::Calls.PROVE_CERTIFICATE,Constant,BSV/Wallet/Wire/Calls.md#constant-PROVE_CERTIFICATE
BSV::Wallet::Wire::Calls.RELINQUISH_CERTIFICATE,Constant,BSV/Wallet/Wire/Calls.md#constant-RELINQUISH_CERTIFICATE
BSV::Wallet::Wire::Calls.DISCOVER_BY_IDENTITY_KEY,Constant,BSV/Wallet/Wire/Calls.md#constant-DISCOVER_BY_IDENTITY_KEY
BSV::Wallet::Wire::Calls.DISCOVER_BY_ATTRIBUTES,Constant,BSV/Wallet/Wire/Calls.md#constant-DISCOVER_BY_ATTRIBUTES
BSV::Wallet::Wire::Calls.IS_AUTHENTICATED,Constant,BSV/Wallet/Wire/Calls.md#constant-IS_AUTHENTICATED
BSV::Wallet::Wire::Calls.WAIT_FOR_AUTHENTICATION,Constant,BSV/Wallet/Wire/Calls.md#constant-WAIT_FOR_AUTHENTICATION
BSV::Wallet::Wire::Calls.GET_HEIGHT,Constant,BSV/Wallet/Wire/Calls.md#constant-GET_HEIGHT
BSV::Wallet::Wire::Calls.GET_HEADER_FOR_HEIGHT,Constant,BSV/Wallet/Wire/Calls.md#constant-GET_HEADER_FOR_HEIGHT
BSV::Wallet::Wire::Calls.GET_NETWORK,Constant,BSV/Wallet/Wire/Calls.md#constant-GET_NETWORK
BSV::Wallet::Wire::Calls.GET_VERSION,Constant,BSV/Wallet/Wire/Calls.md#constant-GET_VERSION
BSV::Wallet::Wire::Calls.CALL_TO_METHOD,Constant,BSV/Wallet/Wire/Calls.md#constant-CALL_TO_METHOD
BSV::Wallet::Wire::Calls.METHOD_TO_CALL,Constant,BSV/Wallet/Wire/Calls.md#constant-METHOD_TO_CALL
BSV::Wallet::Wire::Frame,Module,BSV/Wallet/Wire/Frame.md
BSV::Wallet::Wire::Frame.MAX_ORIGINATOR_BYTES,Constant,BSV/Wallet/Wire/Frame.md#constant-MAX_ORIGINATOR_BYTES
BSV::Wallet::Wire::Frame.decode_varint,Method,BSV/Wallet/Wire/Frame.md#method-c-decode_varint
BSV::Wallet::Wire::Frame.encode_varint,Method,BSV/Wallet/Wire/Frame.md#method-c-encode_varint
BSV::Wallet::Wire::Frame.read_request,Method,BSV/Wallet/Wire/Frame.md#method-c-read_request
BSV::Wallet::Wire::Frame.read_result,Method,BSV/Wallet/Wire/Frame.md#method-c-read_result
BSV::Wallet::Wire::Frame.write_error,Method,BSV/Wallet/Wire/Frame.md#method-c-write_error
BSV::Wallet::Wire::Frame.write_request,Method,BSV/Wallet/Wire/Frame.md#method-c-write_request
BSV::Wallet::Wire::Frame.write_result,Method,BSV/Wallet/Wire/Frame.md#method-c-write_result
BSV::Identity::Constants,Module,BSV/Identity/Constants.md
BSV::Identity::Constants.TOPIC,Constant,BSV/Identity/Constants.md#constant-TOPIC
BSV::Identity::Constants.SERVICE,Constant,BSV/Identity/Constants.md#constant-SERVICE
BSV::Identity::Constants.KNOWN_IDENTITY_TYPES,Constant,BSV/Identity/Constants.md#constant-KNOWN_IDENTITY_TYPES
BSV::Identity::Constants.DEFAULT_IDENTITY,Constant,BSV/Identity/Constants.md#constant-DEFAULT_IDENTITY
BSV::Primitives::Schnorr,Module,BSV/Primitives/Schnorr.md
BSV::Primitives::Schnorr.generate_proof,Method,BSV/Primitives/Schnorr.md#method-c-generate_proof
BSV::Primitives::Schnorr.verify_proof,Method,BSV/Primitives/Schnorr.md#method-c-verify_proof
BSV::Registry::Constants,Module,BSV/Registry/Constants.md
BSV::Registry::Constants.TOPIC_BASKET,Constant,BSV/Registry/Constants.md#constant-TOPIC_BASKET
BSV::Registry::Constants.TOPIC_PROTOCOL,Constant,BSV/Registry/Constants.md#constant-TOPIC_PROTOCOL
BSV::Registry::Constants.TOPIC_CERTIFICATE,Constant,BSV/Registry/Constants.md#constant-TOPIC_CERTIFICATE
BSV::Registry::Constants.SERVICE_BASKET,Constant,BSV/Registry/Constants.md#constant-SERVICE_BASKET
BSV::Registry::Constants.SERVICE_PROTOCOL,Constant,BSV/Registry/Constants.md#constant-SERVICE_PROTOCOL
BSV::Registry::Constants.SERVICE_CERTIFICATE,Constant,BSV/Registry/Constants.md#constant-SERVICE_CERTIFICATE
BSV::Registry::Constants.PROTOCOL_BASKET,Constant,BSV/Registry/Constants.md#constant-PROTOCOL_BASKET
BSV::Registry::Constants.PROTOCOL_PROTOCOL,Constant,BSV/Registry/Constants.md#constant-PROTOCOL_PROTOCOL
BSV::Registry::Constants.PROTOCOL_CERTIFICATE,Constant,BSV/Registry/Constants.md#constant-PROTOCOL_CERTIFICATE
BSV::Registry::Constants.BASKET_NAME_BASKET,Constant,BSV/Registry/Constants.md#constant-BASKET_NAME_BASKET
BSV::Registry::Constants.BASKET_NAME_PROTOCOL,Constant,BSV/Registry/Constants.md#constant-BASKET_NAME_PROTOCOL
BSV::Registry::Constants.BASKET_NAME_CERTIFICATE,Constant,BSV/Registry/Constants.md#constant-BASKET_NAME_CERTIFICATE
BSV::Registry::Constants.KEY_ID,Constant,BSV/Registry/Constants.md#constant-KEY_ID
BSV::Registry::Constants.TOKEN_AMOUNT,Constant,BSV/Registry/Constants.md#constant-TOKEN_AMOUNT
BSV::Wallet::WalletWire,Module,BSV/Wallet/WalletWire.md
BSV::Wallet::WalletWire.transmit_to_wallet,Method,BSV/Wallet/WalletWire.md#method-i-transmit_to_wallet
BSV::Transaction::Sighash,Module,BSV/Transaction/Sighash.md
BSV::Transaction::Sighash.ALL,Constant,BSV/Transaction/Sighash.md#constant-ALL
BSV::Transaction::Sighash.NONE,Constant,BSV/Transaction/Sighash.md#constant-NONE
BSV::Transaction::Sighash.SINGLE,Constant,BSV/Transaction/Sighash.md#constant-SINGLE
BSV::Transaction::Sighash.ANYONE_CAN_PAY,Constant,BSV/Transaction/Sighash.md#constant-ANYONE_CAN_PAY
BSV::Transaction::Sighash.FORK_ID,Constant,BSV/Transaction/Sighash.md#constant-FORK_ID
BSV::Transaction::Sighash.MASK,Constant,BSV/Transaction/Sighash.md#constant-MASK
BSV::Transaction::Sighash.ALL_FORK_ID,Constant,BSV/Transaction/Sighash.md#constant-ALL_FORK_ID
BSV::Transaction::Sighash.NONE_FORK_ID,Constant,BSV/Transaction/Sighash.md#constant-NONE_FORK_ID
BSV::Transaction::Sighash.SINGLE_FORK_ID,Constant,BSV/Transaction/Sighash.md#constant-SINGLE_FORK_ID
BSV::Transaction::Sighash.ALL_FORK_ID_ANYONE_CAN_PAY,Constant,BSV/Transaction/Sighash.md#constant-ALL_FORK_ID_ANYONE_CAN_PAY
BSV::Transaction::Sighash.NONE_FORK_ID_ANYONE_CAN_PAY,Constant,BSV/Transaction/Sighash.md#constant-NONE_FORK_ID_ANYONE_CAN_PAY
BSV::Transaction::Sighash.SINGLE_FORK_ID_ANYONE_CAN_PAY,Constant,BSV/Transaction/Sighash.md#constant-SINGLE_FORK_ID_ANYONE_CAN_PAY
BSV::Transaction::VarInt,Module,BSV/Transaction/VarInt.md
BSV::Transaction::VarInt.MAX_UINT64,Constant,BSV/Transaction/VarInt.md#constant-MAX_UINT64
BSV::Transaction::VarInt.decode,Method,BSV/Transaction/VarInt.md#method-c-decode
BSV::Transaction::VarInt.encode,Method,BSV/Transaction/VarInt.md#method-c-encode
BSV::KVStore::Interpreter,Module,BSV/KVStore/Interpreter.md
BSV::KVStore::Interpreter.PROTOCOL_ID,Constant,BSV/KVStore/Interpreter.md#constant-PROTOCOL_ID
BSV::KVStore::Interpreter.KEY,Constant,BSV/KVStore/Interpreter.md#constant-KEY
BSV::KVStore::Interpreter.VALUE,Constant,BSV/KVStore/Interpreter.md#constant-VALUE
BSV::KVStore::Interpreter.CONTROLLER,Constant,BSV/KVStore/Interpreter.md#constant-CONTROLLER
BSV::KVStore::Interpreter.TAGS_NEW,Constant,BSV/KVStore/Interpreter.md#constant-TAGS_NEW
BSV::KVStore::Interpreter.SIGNATURE_OLD,Constant,BSV/KVStore/Interpreter.md#constant-SIGNATURE_OLD
BSV::KVStore::Interpreter.SIGNATURE_NEW,Constant,BSV/KVStore/Interpreter.md#constant-SIGNATURE_NEW
BSV::KVStore::Interpreter.KV_PROTOCOL_FIELDS_OLD,Constant,BSV/KVStore/Interpreter.md#constant-KV_PROTOCOL_FIELDS_OLD
BSV::KVStore::Interpreter.KV_PROTOCOL_FIELDS_NEW,Constant,BSV/KVStore/Interpreter.md#constant-KV_PROTOCOL_FIELDS_NEW
BSV::KVStore::Interpreter.call,Method,BSV/KVStore/Interpreter.md#method-c-call
BSV::Transaction::FeeModels,Module,BSV/Transaction/FeeModels.md
BSV::Wallet::Wire::Validation,Module,BSV/Wallet/Wire/Validation.md
BSV::Wallet::Wire::Validation.MAX_SATOSHIS,Constant,BSV/Wallet/Wire/Validation.md#constant-MAX_SATOSHIS
BSV::Wallet::Wire::Validation.acquisition_protocol!,Method,BSV/Wallet/Wire/Validation.md#method-c-acquisition_protocol-21
BSV::Wallet::Wire::Validation.base64_string!,Method,BSV/Wallet/Wire/Validation.md#method-c-base64_string-21
BSV::Wallet::Wire::Validation.basket_string!,Method,BSV/Wallet/Wire/Validation.md#method-c-basket_string-21
BSV::Wallet::Wire::Validation.description_5_to_50!,Method,BSV/Wallet/Wire/Validation.md#method-c-description_5_to_50-21
BSV::Wallet::Wire::Validation.hex_string!,Method,BSV/Wallet/Wire/Validation.md#method-c-hex_string-21
BSV::Wallet::Wire::Validation.key_id_string_1_to_800!,Method,BSV/Wallet/Wire/Validation.md#method-c-key_id_string_1_to_800-21
BSV::Wallet::Wire::Validation.label_string!,Method,BSV/Wallet/Wire/Validation.md#method-c-label_string-21
BSV::Wallet::Wire::Validation.originator_domain!,Method,BSV/Wallet/Wire/Validation.md#method-c-originator_domain-21
BSV::Wallet::Wire::Validation.outpoint_string!,Method,BSV/Wallet/Wire/Validation.md#method-c-outpoint_string-21
BSV::Wallet::Wire::Validation.positive_integer_or_zero!,Method,BSV/Wallet/Wire/Validation.md#method-c-positive_integer_or_zero-21
BSV::Wallet::Wire::Validation.protocol_string_5_to_400!,Method,BSV/Wallet/Wire/Validation.md#method-c-protocol_string_5_to_400-21
BSV::Wallet::Wire::Validation.pub_key_hex!,Method,BSV/Wallet/Wire/Validation.md#method-c-pub_key_hex-21
BSV::Wallet::Wire::Validation.satoshi_value!,Method,BSV/Wallet/Wire/Validation.md#method-c-satoshi_value-21
BSV::Wallet::Wire::Validation.wallet_counterparty!,Method,BSV/Wallet/Wire/Validation.md#method-c-wallet_counterparty-21
BSV::Wallet::Wire::Validation.wallet_protocol!,Method,BSV/Wallet/Wire/Validation.md#method-c-wallet_protocol-21
BSV::Wallet::Interface::BRC100,Module,BSV/Wallet/Interface/BRC100.md
BSV::Wallet::Interface::BRC100.abort_action,Method,BSV/Wallet/Interface/BRC100.md#method-i-abort_action
BSV::Wallet::Interface::BRC100.acquire_certificate,Method,BSV/Wallet/Interface/BRC100.md#method-i-acquire_certificate
BSV::Wallet::Interface::BRC100.authenticated?,Method,BSV/Wallet/Interface/BRC100.md#method-i-authenticated-3F
BSV::Wallet::Interface::BRC100.create_action,Method,BSV/Wallet/Interface/BRC100.md#method-i-create_action
BSV::Wallet::Interface::BRC100.create_hmac,Method,BSV/Wallet/Interface/BRC100.md#method-i-create_hmac
BSV::Wallet::Interface::BRC100.create_signature,Method,BSV/Wallet/Interface/BRC100.md#method-i-create_signature
BSV::Wallet::Interface::BRC100.decrypt,Method,BSV/Wallet/Interface/BRC100.md#method-i-decrypt
BSV::Wallet::Interface::BRC100.discover_by_attributes,Method,BSV/Wallet/Interface/BRC100.md#method-i-discover_by_attributes
BSV::Wallet::Interface::BRC100.discover_by_identity_key,Method,BSV/Wallet/Interface/BRC100.md#method-i-discover_by_identity_key
BSV::Wallet::Interface::BRC100.encrypt,Method,BSV/Wallet/Interface/BRC100.md#method-i-encrypt
BSV::Wallet::Interface::BRC100.get_header_for_height,Method,BSV/Wallet/Interface/BRC100.md#method-i-get_header_for_height
BSV::Wallet::Interface::BRC100.get_height,Method,BSV/Wallet/Interface/BRC100.md#method-i-get_height
BSV::Wallet::Interface::BRC100.get_network,Method,BSV/Wallet/Interface/BRC100.md#method-i-get_network
BSV::Wallet::Interface::BRC100.get_public_key,Method,BSV/Wallet/Interface/BRC100.md#method-i-get_public_key
BSV::Wallet::Interface::BRC100.get_version,Method,BSV/Wallet/Interface/BRC100.md#method-i-get_version
BSV::Wallet::Interface::BRC100.internalize_action,Method,BSV/Wallet/Interface/BRC100.md#method-i-internalize_action
BSV::Wallet::Interface::BRC100.list_actions,Method,BSV/Wallet/Interface/BRC100.md#method-i-list_actions
BSV::Wallet::Interface::BRC100.list_certificates,Method,BSV/Wallet/Interface/BRC100.md#method-i-list_certificates
BSV::Wallet::Interface::BRC100.list_outputs,Method,BSV/Wallet/Interface/BRC100.md#method-i-list_outputs
BSV::Wallet::Interface::BRC100.prove_certificate,Method,BSV/Wallet/Interface/BRC100.md#method-i-prove_certificate
BSV::Wallet::Interface::BRC100.relinquish_certificate,Method,BSV/Wallet/Interface/BRC100.md#method-i-relinquish_certificate
BSV::Wallet::Interface::BRC100.relinquish_output,Method,BSV/Wallet/Interface/BRC100.md#method-i-relinquish_output
BSV::Wallet::Interface::BRC100.reveal_counterparty_key_linkage,Method,BSV/Wallet/Interface/BRC100.md#method-i-reveal_counterparty_key_linkage
BSV::Wallet::Interface::BRC100.reveal_specific_key_linkage,Method,BSV/Wallet/Interface/BRC100.md#method-i-reveal_specific_key_linkage
BSV::Wallet::Interface::BRC100.sign_action,Method,BSV/Wallet/Interface/BRC100.md#method-i-sign_action
BSV::Wallet::Interface::BRC100.verify_hmac,Method,BSV/Wallet/Interface/BRC100.md#method-i-verify_hmac
BSV::Wallet::Interface::BRC100.verify_signature,Method,BSV/Wallet/Interface/BRC100.md#method-i-verify_signature
BSV::Wallet::Interface::BRC100.wait_for_authentication,Method,BSV/Wallet/Interface/BRC100.md#method-i-wait_for_authentication
BSV::Identity::IdentityParser,Module,BSV/Identity/IdentityParser.md
BSV::Identity::IdentityParser.EMAIL_AVATAR,Constant,BSV/Identity/IdentityParser.md#constant-EMAIL_AVATAR
BSV::Identity::IdentityParser.PHONE_AVATAR,Constant,BSV/Identity/IdentityParser.md#constant-PHONE_AVATAR
BSV::Identity::IdentityParser.ANYONE_AVATAR,Constant,BSV/Identity/IdentityParser.md#constant-ANYONE_AVATAR
BSV::Identity::IdentityParser.SELF_AVATAR,Constant,BSV/Identity/IdentityParser.md#constant-SELF_AVATAR
BSV::Identity::IdentityParser.BADGE_ICON,Constant,BSV/Identity/IdentityParser.md#constant-BADGE_ICON
BSV::Identity::IdentityParser.parse,Method,BSV/Identity/IdentityParser.md#method-c-parse
BSV::Script::ScriptErrorCode,Module,BSV/Script/ScriptErrorCode.md
BSV::Script::ScriptErrorCode.EVAL_FALSE,Constant,BSV/Script/ScriptErrorCode.md#constant-EVAL_FALSE
BSV::Script::ScriptErrorCode.EMPTY_STACK,Constant,BSV/Script/ScriptErrorCode.md#constant-EMPTY_STACK
BSV::Script::ScriptErrorCode.VERIFY_FAILED,Constant,BSV/Script/ScriptErrorCode.md#constant-VERIFY_FAILED
BSV::Script::ScriptErrorCode.EQUALVERIFY_FAILED,Constant,BSV/Script/ScriptErrorCode.md#constant-EQUALVERIFY_FAILED
BSV::Script::ScriptErrorCode.NUMEQUALVERIFY_FAILED,Constant,BSV/Script/ScriptErrorCode.md#constant-NUMEQUALVERIFY_FAILED
BSV::Script::ScriptErrorCode.CHECKSIGVERIFY_FAILED,Constant,BSV/Script/ScriptErrorCode.md#constant-CHECKSIGVERIFY_FAILED
BSV::Script::ScriptErrorCode.CHECKMULTISIGVERIFY_FAILED,Constant,BSV/Script/ScriptErrorCode.md#constant-CHECKMULTISIGVERIFY_FAILED
BSV::Script::ScriptErrorCode.UNBALANCED_CONDITIONAL,Constant,BSV/Script/ScriptErrorCode.md#constant-UNBALANCED_CONDITIONAL
BSV::Script::ScriptErrorCode.DISABLED_OPCODE,Constant,BSV/Script/ScriptErrorCode.md#constant-DISABLED_OPCODE
BSV::Script::ScriptErrorCode.RESERVED_OPCODE,Constant,BSV/Script/ScriptErrorCode.md#constant-RESERVED_OPCODE
BSV::Script::ScriptErrorCode.INVALID_STACK_OPERATION,Constant,BSV/Script/ScriptErrorCode.md#constant-INVALID_STACK_OPERATION
BSV::Script::ScriptErrorCode.MALFORMED_PUSH,Constant,BSV/Script/ScriptErrorCode.md#constant-MALFORMED_PUSH
BSV::Script::ScriptErrorCode.NUMBER_TOO_BIG,Constant,BSV/Script/ScriptErrorCode.md#constant-NUMBER_TOO_BIG
BSV::Script::ScriptErrorCode.DIVIDE_BY_ZERO,Constant,BSV/Script/ScriptErrorCode.md#constant-DIVIDE_BY_ZERO
BSV::Script::ScriptErrorCode.INVALID_INPUT_LENGTH,Constant,BSV/Script/ScriptErrorCode.md#constant-INVALID_INPUT_LENGTH
BSV::Script::ScriptErrorCode.INVALID_PUBKEY_COUNT,Constant,BSV/Script/ScriptErrorCode.md#constant-INVALID_PUBKEY_COUNT
BSV::Script::ScriptErrorCode.INVALID_SIG_COUNT,Constant,BSV/Script/ScriptErrorCode.md#constant-INVALID_SIG_COUNT
BSV::Script::ScriptErrorCode.SIG_NULLFAIL,Constant,BSV/Script/ScriptErrorCode.md#constant-SIG_NULLFAIL
BSV::Script::ScriptErrorCode.SIG_NULLDUMMY,Constant,BSV/Script/ScriptErrorCode.md#constant-SIG_NULLDUMMY
BSV::Script::ScriptErrorCode.SIG_DER,Constant,BSV/Script/ScriptErrorCode.md#constant-SIG_DER
BSV::Script::ScriptErrorCode.SIG_HIGH_S,Constant,BSV/Script/ScriptErrorCode.md#constant-SIG_HIGH_S
BSV::Script::ScriptErrorCode.PUBKEY_TYPE,Constant,BSV/Script/ScriptErrorCode.md#constant-PUBKEY_TYPE
BSV::Script::ScriptErrorCode.INVALID_SIGHASH_TYPE,Constant,BSV/Script/ScriptErrorCode.md#constant-INVALID_SIGHASH_TYPE
BSV::Script::ScriptErrorCode.EARLY_RETURN,Constant,BSV/Script/ScriptErrorCode.md#constant-EARLY_RETURN
BSV::Script::ScriptErrorCode.IMPOSSIBLE_ENCODING,Constant,BSV/Script/ScriptErrorCode.md#constant-IMPOSSIBLE_ENCODING
BSV::Script::ScriptErrorCode.INVALID_OPCODE,Constant,BSV/Script/ScriptErrorCode.md#constant-INVALID_OPCODE
BSV::Script::ScriptErrorCode.MINIMAL_DATA,Constant,BSV/Script/ScriptErrorCode.md#constant-MINIMAL_DATA
BSV::Script::ScriptErrorCode.STACK_MEMORY_EXCEEDED,Constant,BSV/Script/ScriptErrorCode.md#constant-STACK_MEMORY_EXCEEDED
BSV::Script::ScriptErrorCode.UNIMPLEMENTED_OPCODE,Constant,BSV/Script/ScriptErrorCode.md#constant-UNIMPLEMENTED_OPCODE
BSV::Script::ScriptErrorCode.MISSING_TX_CONTEXT,Constant,BSV/Script/ScriptErrorCode.md#constant-MISSING_TX_CONTEXT
BSV::Wallet::Serializer::Common,Module,BSV/Wallet/Serializer/Common.md
BSV::Wallet::Serializer::Common.COUNTERPARTY_SELF,Constant,BSV/Wallet/Serializer/Common.md#constant-COUNTERPARTY_SELF
BSV::Wallet::Serializer::Common.COUNTERPARTY_ANYONE,Constant,BSV/Wallet/Serializer/Common.md#constant-COUNTERPARTY_ANYONE
BSV::Wallet::Serializer::Common.PUBKEY_SIZE,Constant,BSV/Wallet/Serializer/Common.md#constant-PUBKEY_SIZE
BSV::Wallet::Serializer::Common.SEND_WITH_STATUS_UNPROVEN,Constant,BSV/Wallet/Serializer/Common.md#constant-SEND_WITH_STATUS_UNPROVEN
BSV::Wallet::Serializer::Common.SEND_WITH_STATUS_SENDING,Constant,BSV/Wallet/Serializer/Common.md#constant-SEND_WITH_STATUS_SENDING
BSV::Wallet::Serializer::Common.SEND_WITH_STATUS_FAILED,Constant,BSV/Wallet/Serializer/Common.md#constant-SEND_WITH_STATUS_FAILED
BSV::Wallet::Serializer::Common.SEND_WITH_STATUS_CODES,Constant,BSV/Wallet/Serializer/Common.md#constant-SEND_WITH_STATUS_CODES
BSV::Wallet::Serializer::Common.SEND_WITH_CODE_STATUSES,Constant,BSV/Wallet/Serializer/Common.md#constant-SEND_WITH_CODE_STATUSES
BSV::Wallet::Serializer::Common.decode_outpoints,Method,BSV/Wallet/Serializer/Common.md#method-c-decode_outpoints
BSV::Wallet::Serializer::Common.encode_outpoints,Method,BSV/Wallet/Serializer/Common.md#method-c-encode_outpoints
BSV::Wallet::Serializer::Common.read_counterparty,Method,BSV/Wallet/Serializer/Common.md#method-c-read_counterparty
BSV::Wallet::Serializer::Common.read_key_related_params,Method,BSV/Wallet/Serializer/Common.md#method-c-read_key_related_params
BSV::Wallet::Serializer::Common.read_privileged_params,Method,BSV/Wallet/Serializer/Common.md#method-c-read_privileged_params
BSV::Wallet::Serializer::Common.read_protocol,Method,BSV/Wallet/Serializer/Common.md#method-c-read_protocol
BSV::Wallet::Serializer::Common.read_send_with_results,Method,BSV/Wallet/Serializer/Common.md#method-c-read_send_with_results
BSV::Wallet::Serializer::Common.to_binary,Method,BSV/Wallet/Serializer/Common.md#method-c-to_binary
BSV::Wallet::Serializer::Common.write_counterparty,Method,BSV/Wallet/Serializer/Common.md#method-c-write_counterparty
BSV::Wallet::Serializer::Common.write_key_related_params,Method,BSV/Wallet/Serializer/Common.md#method-c-write_key_related_params
BSV::Wallet::Serializer::Common.write_privileged_params,Method,BSV/Wallet/Serializer/Common.md#method-c-write_privileged_params
BSV::Wallet::Serializer::Common.write_protocol,Method,BSV/Wallet/Serializer/Common.md#method-c-write_protocol
BSV::Wallet::Serializer::Common.write_send_with_results,Method,BSV/Wallet/Serializer/Common.md#method-c-write_send_with_results
BSV::Wallet::Serializer::IsAuthenticated,Module,BSV/Wallet/Serializer/IsAuthenticated.md
BSV::Wallet::Serializer::IsAuthenticated::Args,Module,BSV/Wallet/Serializer/IsAuthenticated/Args.md
BSV::Wallet::Serializer::IsAuthenticated::Args.deserialize,Method,BSV/Wallet/Serializer/IsAuthenticated/Args.md#method-c-deserialize
BSV::Wallet::Serializer::IsAuthenticated::Args.serialize,Method,BSV/Wallet/Serializer/IsAuthenticated/Args.md#method-c-serialize
BSV::Wallet::Serializer::IsAuthenticated::Result,Module,BSV/Wallet/Serializer/IsAuthenticated/Result.md
BSV::Wallet::Serializer::IsAuthenticated::Result.deserialize,Method,BSV/Wallet/Serializer/IsAuthenticated/Result.md#method-c-deserialize
BSV::Wallet::Serializer::IsAuthenticated::Result.serialize,Method,BSV/Wallet/Serializer/IsAuthenticated/Result.md#method-c-serialize
BSV::Wallet::Serializer::WaitForAuthentication,Module,BSV/Wallet/Serializer/WaitForAuthentication.md
BSV::Wallet::Serializer::WaitForAuthentication::Args,Module,BSV/Wallet/Serializer/WaitForAuthentication/Args.md
BSV::Wallet::Serializer::WaitForAuthentication::Args.deserialize,Method,BSV/Wallet/Serializer/WaitForAuthentication/Args.md#method-c-deserialize
BSV::Wallet::Serializer::WaitForAuthentication::Args.serialize,Method,BSV/Wallet/Serializer/WaitForAuthentication/Args.md#method-c-serialize
BSV::Wallet::Serializer::WaitForAuthentication::Result,Module,BSV/Wallet/Serializer/WaitForAuthentication/Result.md
BSV::Wallet::Serializer::WaitForAuthentication::Result.deserialize,Method,BSV/Wallet/Serializer/WaitForAuthentication/Result.md#method-c-deserialize
BSV::Wallet::Serializer::WaitForAuthentication::Result.serialize,Method,BSV/Wallet/Serializer/WaitForAuthentication/Result.md#method-c-serialize
BSV::Primitives::SignedMessage,Module,BSV/Primitives/SignedMessage.md
BSV::Primitives::SignedMessage.VERSION,Constant,BSV/Primitives/SignedMessage.md#constant-VERSION
BSV::Primitives::SignedMessage.sign,Method,BSV/Primitives/SignedMessage.md#method-c-sign
BSV::Primitives::SignedMessage.verify,Method,BSV/Primitives/SignedMessage.md#method-c-verify
BSV::Wallet::Serializer::Decrypt,Module,BSV/Wallet/Serializer/Decrypt.md
BSV::Wallet::Serializer::Decrypt::Args,Module,BSV/Wallet/Serializer/Decrypt/Args.md
BSV::Wallet::Serializer::Decrypt::Args.deserialize,Method,BSV/Wallet/Serializer/Decrypt/Args.md#method-c-deserialize
BSV::Wallet::Serializer::Decrypt::Args.serialize,Method,BSV/Wallet/Serializer/Decrypt/Args.md#method-c-serialize
BSV::Wallet::Serializer::Decrypt::Result,Module,BSV/Wallet/Serializer/Decrypt/Result.md
BSV::Wallet::Serializer::Decrypt::Result.deserialize,Method,BSV/Wallet/Serializer/Decrypt/Result.md#method-c-deserialize
BSV::Wallet::Serializer::Decrypt::Result.serialize,Method,BSV/Wallet/Serializer/Decrypt/Result.md#method-c-serialize
BSV::Wallet::Serializer::Encrypt,Module,BSV/Wallet/Serializer/Encrypt.md
BSV::Wallet::Serializer::Encrypt::Args,Module,BSV/Wallet/Serializer/Encrypt/Args.md
BSV::Wallet::Serializer::Encrypt::Args.deserialize,Method,BSV/Wallet/Serializer/Encrypt/Args.md#method-c-deserialize
BSV::Wallet::Serializer::Encrypt::Args.serialize,Method,BSV/Wallet/Serializer/Encrypt/Args.md#method-c-serialize
BSV::Wallet::Serializer::Encrypt::Result,Module,BSV/Wallet/Serializer/Encrypt/Result.md
BSV::Wallet::Serializer::Encrypt::Result.deserialize,Method,BSV/Wallet/Serializer/Encrypt/Result.md#method-c-deserialize
BSV::Wallet::Serializer::Encrypt::Result.serialize,Method,BSV/Wallet/Serializer/Encrypt/Result.md#method-c-serialize
BSV::Auth::ValidateCertificates,Module,BSV/Auth/ValidateCertificates.md
BSV::Auth::ValidateCertificates.validate_certificates,Method,BSV/Auth/ValidateCertificates.md#method-c-validate_certificates
OpenSSL,Module,OpenSSL.md
OpenSSL::PKey,Module,OpenSSL/PKey.md
BSV::Transaction::ChainTrackers,Module,BSV/Transaction/ChainTrackers.md
BSV::Primitives::EncryptedMessage,Module,BSV/Primitives/EncryptedMessage.md
BSV::Primitives::EncryptedMessage.VERSION,Constant,BSV/Primitives/EncryptedMessage.md#constant-VERSION
BSV::Primitives::EncryptedMessage.HEADER_SIZE,Constant,BSV/Primitives/EncryptedMessage.md#constant-HEADER_SIZE
BSV::Primitives::EncryptedMessage.decrypt,Method,BSV/Primitives/EncryptedMessage.md#method-c-decrypt
BSV::Primitives::EncryptedMessage.encrypt,Method,BSV/Primitives/EncryptedMessage.md#method-c-encrypt
BSV::Wallet::Serializer::GetHeight,Module,BSV/Wallet/Serializer/GetHeight.md
BSV::Wallet::Serializer::GetHeight::Args,Module,BSV/Wallet/Serializer/GetHeight/Args.md
BSV::Wallet::Serializer::GetHeight::Args.deserialize,Method,BSV/Wallet/Serializer/GetHeight/Args.md#method-c-deserialize
BSV::Wallet::Serializer::GetHeight::Args.serialize,Method,BSV/Wallet/Serializer/GetHeight/Args.md#method-c-serialize
BSV::Wallet::Serializer::GetHeight::Result,Module,BSV/Wallet/Serializer/GetHeight/Result.md
BSV::Wallet::Serializer::GetHeight::Result.deserialize,Method,BSV/Wallet/Serializer/GetHeight/Result.md#method-c-deserialize
BSV::Wallet::Serializer::GetHeight::Result.serialize,Method,BSV/Wallet/Serializer/GetHeight/Result.md#method-c-serialize
BSV::Wallet::Serializer::Certificate,Module,BSV/Wallet/Serializer/Certificate.md
BSV::Wallet::Serializer::Certificate.CERT_TYPE_SIZE,Constant,BSV/Wallet/Serializer/Certificate.md#constant-CERT_TYPE_SIZE
BSV::Wallet::Serializer::Certificate.SERIAL_SIZE,Constant,BSV/Wallet/Serializer/Certificate.md#constant-SERIAL_SIZE
BSV::Wallet::Serializer::Certificate.PUBKEY_SIZE,Constant,BSV/Wallet/Serializer/Certificate.md#constant-PUBKEY_SIZE
BSV::Wallet::Serializer::Certificate.NULL_TXID_HEX,Constant,BSV/Wallet/Serializer/Certificate.md#constant-NULL_TXID_HEX
BSV::Wallet::Serializer::Certificate.deserialize_certificate,Method,BSV/Wallet/Serializer/Certificate.md#method-c-deserialize_certificate
BSV::Wallet::Serializer::Certificate.deserialize_identity_certificate,Method,BSV/Wallet/Serializer/Certificate.md#method-c-deserialize_identity_certificate
BSV::Wallet::Serializer::Certificate.serialize_certificate,Method,BSV/Wallet/Serializer/Certificate.md#method-c-serialize_certificate
BSV::Wallet::Serializer::Certificate.serialize_identity_certificate,Method,BSV/Wallet/Serializer/Certificate.md#method-c-serialize_identity_certificate
BSV::Wallet::Serializer::CreateHmac,Module,BSV/Wallet/Serializer/CreateHmac.md
BSV::Wallet::Serializer::CreateHmac.HMAC_SIZE,Constant,BSV/Wallet/Serializer/CreateHmac.md#constant-HMAC_SIZE
BSV::Wallet::Serializer::CreateHmac::Args,Module,BSV/Wallet/Serializer/CreateHmac/Args.md
BSV::Wallet::Serializer::CreateHmac::Args.deserialize,Method,BSV/Wallet/Serializer/CreateHmac/Args.md#method-c-deserialize
BSV::Wallet::Serializer::CreateHmac::Args.serialize,Method,BSV/Wallet/Serializer/CreateHmac/Args.md#method-c-serialize
BSV::Wallet::Serializer::CreateHmac::Result,Module,BSV/Wallet/Serializer/CreateHmac/Result.md
BSV::Wallet::Serializer::CreateHmac::Result.deserialize,Method,BSV/Wallet/Serializer/CreateHmac/Result.md#method-c-deserialize
BSV::Wallet::Serializer::CreateHmac::Result.serialize,Method,BSV/Wallet/Serializer/CreateHmac/Result.md#method-c-serialize
BSV::Wallet::Serializer::GetNetwork,Module,BSV/Wallet/Serializer/GetNetwork.md
BSV::Wallet::Serializer::GetNetwork::Args,Module,BSV/Wallet/Serializer/GetNetwork/Args.md
BSV::Wallet::Serializer::GetNetwork::Args.deserialize,Method,BSV/Wallet/Serializer/GetNetwork/Args.md#method-c-deserialize
BSV::Wallet::Serializer::GetNetwork::Args.serialize,Method,BSV/Wallet/Serializer/GetNetwork/Args.md#method-c-serialize
BSV::Wallet::Serializer::GetNetwork::Result,Module,BSV/Wallet/Serializer/GetNetwork/Result.md
BSV::Wallet::Serializer::GetNetwork::Result.MAINNET_CODE,Constant,BSV/Wallet/Serializer/GetNetwork/Result.md#constant-MAINNET_CODE
BSV::Wallet::Serializer::GetNetwork::Result.TESTNET_CODE,Constant,BSV/Wallet/Serializer/GetNetwork/Result.md#constant-TESTNET_CODE
BSV::Wallet::Serializer::GetNetwork::Result.deserialize,Method,BSV/Wallet/Serializer/GetNetwork/Result.md#method-c-deserialize
BSV::Wallet::Serializer::GetNetwork::Result.serialize,Method,BSV/Wallet/Serializer/GetNetwork/Result.md#method-c-serialize
BSV::Wallet::Serializer::GetVersion,Module,BSV/Wallet/Serializer/GetVersion.md
BSV::Wallet::Serializer::GetVersion::Args,Module,BSV/Wallet/Serializer/GetVersion/Args.md
BSV::Wallet::Serializer::GetVersion::Args.deserialize,Method,BSV/Wallet/Serializer/GetVersion/Args.md#method-c-deserialize
BSV::Wallet::Serializer::GetVersion::Args.serialize,Method,BSV/Wallet/Serializer/GetVersion/Args.md#method-c-serialize
BSV::Wallet::Serializer::GetVersion::Result,Module,BSV/Wallet/Serializer/GetVersion/Result.md
BSV::Wallet::Serializer::GetVersion::Result.deserialize,Method,BSV/Wallet/Serializer/GetVersion/Result.md#method-c-deserialize
BSV::Wallet::Serializer::GetVersion::Result.serialize,Method,BSV/Wallet/Serializer/GetVersion/Result.md#method-c-serialize
BSV::Wallet::Serializer::VerifyHmac,Module,BSV/Wallet/Serializer/VerifyHmac.md
BSV::Wallet::Serializer::VerifyHmac.HMAC_SIZE,Constant,BSV/Wallet/Serializer/VerifyHmac.md#constant-HMAC_SIZE
BSV::Wallet::Serializer::VerifyHmac::Args,Module,BSV/Wallet/Serializer/VerifyHmac/Args.md
BSV::Wallet::Serializer::VerifyHmac::Args.deserialize,Method,BSV/Wallet/Serializer/VerifyHmac/Args.md#method-c-deserialize
BSV::Wallet::Serializer::VerifyHmac::Args.serialize,Method,BSV/Wallet/Serializer/VerifyHmac/Args.md#method-c-serialize
BSV::Wallet::Serializer::VerifyHmac::Result,Module,BSV/Wallet/Serializer/VerifyHmac/Result.md
BSV::Wallet::Serializer::VerifyHmac::Result.deserialize,Method,BSV/Wallet/Serializer/VerifyHmac/Result.md#method-c-deserialize
BSV::Wallet::Serializer::VerifyHmac::Result.serialize,Method,BSV/Wallet/Serializer/VerifyHmac/Result.md#method-c-serialize
BSV::Wallet::ProtoWallet::Validators,Module,BSV/Wallet/ProtoWallet/Validators.md
BSV::Wallet::ProtoWallet::Validators.validate_counterparty!,Method,BSV/Wallet/ProtoWallet/Validators.md#method-c-validate_counterparty-21
BSV::Wallet::ProtoWallet::Validators.validate_key_id!,Method,BSV/Wallet/ProtoWallet/Validators.md#method-c-validate_key_id-21
BSV::Wallet::ProtoWallet::Validators.validate_protocol_id!,Method,BSV/Wallet/ProtoWallet/Validators.md#method-c-validate_protocol_id-21
BSV::Wallet::ProtoWallet::Validators.validate_pub_key_hex!,Method,BSV/Wallet/ProtoWallet/Validators.md#method-c-validate_pub_key_hex-21
BSV::Wallet::Serializer::AbortAction,Module,BSV/Wallet/Serializer/AbortAction.md
BSV::Wallet::Serializer::AbortAction.deserialize_args,Method,BSV/Wallet/Serializer/AbortAction.md#method-c-deserialize_args
BSV::Wallet::Serializer::AbortAction.deserialize_result,Method,BSV/Wallet/Serializer/AbortAction.md#method-c-deserialize_result
BSV::Wallet::Serializer::AbortAction.serialize_args,Method,BSV/Wallet/Serializer/AbortAction.md#method-c-serialize_args
BSV::Wallet::Serializer::AbortAction.serialize_result,Method,BSV/Wallet/Serializer/AbortAction.md#method-c-serialize_result
BSV::Wallet::Serializer::ListActionsArgs,Module,BSV/Wallet/Serializer/ListActionsArgs.md
BSV::Wallet::Serializer::ListActionsArgs.LABEL_QUERY_MODE_ANY,Constant,BSV/Wallet/Serializer/ListActionsArgs.md#constant-LABEL_QUERY_MODE_ANY
BSV::Wallet::Serializer::ListActionsArgs.LABEL_QUERY_MODE_ALL,Constant,BSV/Wallet/Serializer/ListActionsArgs.md#constant-LABEL_QUERY_MODE_ALL
BSV::Wallet::Serializer::ListActionsArgs.deserialize,Method,BSV/Wallet/Serializer/ListActionsArgs.md#method-c-deserialize
BSV::Wallet::Serializer::ListActionsArgs.serialize,Method,BSV/Wallet/Serializer/ListActionsArgs.md#method-c-serialize
BSV::Wallet::Serializer::ListActionsResult,Module,BSV/Wallet/Serializer/ListActionsResult.md
BSV::Wallet::Serializer::ListActionsResult.ACTION_STATUS_CODES,Constant,BSV/Wallet/Serializer/ListActionsResult.md#constant-ACTION_STATUS_CODES
BSV::Wallet::Serializer::ListActionsResult.ACTION_CODE_STATUSES,Constant,BSV/Wallet/Serializer/ListActionsResult.md#constant-ACTION_CODE_STATUSES
BSV::Wallet::Serializer::ListActionsResult.deserialize,Method,BSV/Wallet/Serializer/ListActionsResult.md#method-c-deserialize
BSV::Wallet::Serializer::ListActionsResult.serialize,Method,BSV/Wallet/Serializer/ListActionsResult.md#method-c-serialize
BSV::Wallet::Serializer::ListOutputs,Module,BSV/Wallet/Serializer/ListOutputs.md
BSV::Wallet::Serializer::ListOutputs.TAG_QUERY_MODE_ALL,Constant,BSV/Wallet/Serializer/ListOutputs.md#constant-TAG_QUERY_MODE_ALL
BSV::Wallet::Serializer::ListOutputs.TAG_QUERY_MODE_ANY,Constant,BSV/Wallet/Serializer/ListOutputs.md#constant-TAG_QUERY_MODE_ANY
BSV::Wallet::Serializer::ListOutputs.INCLUDE_LOCKING_SCRIPTS,Constant,BSV/Wallet/Serializer/ListOutputs.md#constant-INCLUDE_LOCKING_SCRIPTS
BSV::Wallet::Serializer::ListOutputs.INCLUDE_ENTIRE_TRANSACTIONS,Constant,BSV/Wallet/Serializer/ListOutputs.md#constant-INCLUDE_ENTIRE_TRANSACTIONS
BSV::Wallet::Serializer::ListOutputs.NEGATIVE_ONE_BYTE,Constant,BSV/Wallet/Serializer/ListOutputs.md#constant-NEGATIVE_ONE_BYTE
BSV::Wallet::Serializer::ListOutputs.deserialize_args,Method,BSV/Wallet/Serializer/ListOutputs.md#method-c-deserialize_args
BSV::Wallet::Serializer::ListOutputs.deserialize_result,Method,BSV/Wallet/Serializer/ListOutputs.md#method-c-deserialize_result
BSV::Wallet::Serializer::ListOutputs.serialize_args,Method,BSV/Wallet/Serializer/ListOutputs.md#method-c-serialize_args
BSV::Wallet::Serializer::ListOutputs.serialize_result,Method,BSV/Wallet/Serializer/ListOutputs.md#method-c-serialize_result
BSV::Auth::GetVerifiableCertificates,Module,BSV/Auth/GetVerifiableCertificates.md
BSV::Auth::GetVerifiableCertificates.get_verifiable_certificates,Method,BSV/Auth/GetVerifiableCertificates.md#method-c-get_verifiable_certificates
BSV::Wallet::Serializer::GetPublicKey,Module,BSV/Wallet/Serializer/GetPublicKey.md
BSV::Wallet::Serializer::GetPublicKey.IDENTITY_KEY_FLAG,Constant,BSV/Wallet/Serializer/GetPublicKey.md#constant-IDENTITY_KEY_FLAG
BSV::Wallet::Serializer::GetPublicKey.PUBKEY_SIZE,Constant,BSV/Wallet/Serializer/GetPublicKey.md#constant-PUBKEY_SIZE
BSV::Wallet::Serializer::GetPublicKey::Args,Module,BSV/Wallet/Serializer/GetPublicKey/Args.md
BSV::Wallet::Serializer::GetPublicKey::Args.deserialize,Method,BSV/Wallet/Serializer/GetPublicKey/Args.md#method-c-deserialize
BSV::Wallet::Serializer::GetPublicKey::Args.serialize,Method,BSV/Wallet/Serializer/GetPublicKey/Args.md#method-c-serialize
BSV::Wallet::Serializer::GetPublicKey::Result,Module,BSV/Wallet/Serializer/GetPublicKey/Result.md
BSV::Wallet::Serializer::GetPublicKey::Result.deserialize,Method,BSV/Wallet/Serializer/GetPublicKey/Result.md#method-c-deserialize
BSV::Wallet::Serializer::GetPublicKey::Result.serialize,Method,BSV/Wallet/Serializer/GetPublicKey/Result.md#method-c-serialize
BSV::Wallet::Serializer::CreateSignature,Module,BSV/Wallet/Serializer/CreateSignature.md
BSV::Wallet::Serializer::CreateSignature.HASH_SIZE,Constant,BSV/Wallet/Serializer/CreateSignature.md#constant-HASH_SIZE
BSV::Wallet::Serializer::CreateSignature::Args,Module,BSV/Wallet/Serializer/CreateSignature/Args.md
BSV::Wallet::Serializer::CreateSignature::Args.deserialize,Method,BSV/Wallet/Serializer/CreateSignature/Args.md#method-c-deserialize
BSV::Wallet::Serializer::CreateSignature::Args.serialize,Method,BSV/Wallet/Serializer/CreateSignature/Args.md#method-c-serialize
BSV::Wallet::Serializer::CreateSignature::Result,Module,BSV/Wallet/Serializer/CreateSignature/Result.md
BSV::Wallet::Serializer::CreateSignature::Result.deserialize,Method,BSV/Wallet/Serializer/CreateSignature/Result.md#method-c-deserialize
BSV::Wallet::Serializer::CreateSignature::Result.serialize,Method,BSV/Wallet/Serializer/CreateSignature/Result.md#method-c-serialize
BSV::Wallet::Serializer::SignActionArgs,Module,BSV/Wallet/Serializer/SignActionArgs.md
BSV::Wallet::Serializer::SignActionArgs.deserialize,Method,BSV/Wallet/Serializer/SignActionArgs.md#method-c-deserialize
BSV::Wallet::Serializer::SignActionArgs.serialize,Method,BSV/Wallet/Serializer/SignActionArgs.md#method-c-serialize
BSV::Wallet::Serializer::VerifySignature,Module,BSV/Wallet/Serializer/VerifySignature.md
BSV::Wallet::Serializer::VerifySignature.HASH_SIZE,Constant,BSV/Wallet/Serializer/VerifySignature.md#constant-HASH_SIZE
BSV::Wallet::Serializer::VerifySignature::Args,Module,BSV/Wallet/Serializer/VerifySignature/Args.md
BSV::Wallet::Serializer::VerifySignature::Args.deserialize,Method,BSV/Wallet/Serializer/VerifySignature/Args.md#method-c-deserialize
BSV::Wallet::Serializer::VerifySignature::Args.serialize,Method,BSV/Wallet/Serializer/VerifySignature/Args.md#method-c-serialize
BSV::Wallet::Serializer::VerifySignature::Result,Module,BSV/Wallet/Serializer/VerifySignature/Result.md
BSV::Wallet::Serializer::VerifySignature::Result.deserialize,Method,BSV/Wallet/Serializer/VerifySignature/Result.md#method-c-deserialize
BSV::Wallet::Serializer::VerifySignature::Result.serialize,Method,BSV/Wallet/Serializer/VerifySignature/Result.md#method-c-serialize
BSV::Wallet::Serializer::ListCertificates,Module,BSV/Wallet/Serializer/ListCertificates.md
BSV::Wallet::Serializer::ListCertificates.CERT_TYPE_SIZE,Constant,BSV/Wallet/Serializer/ListCertificates.md#constant-CERT_TYPE_SIZE
BSV::Wallet::Serializer::ListCertificates.PUBKEY_SIZE,Constant,BSV/Wallet/Serializer/ListCertificates.md#constant-PUBKEY_SIZE
BSV::Wallet::Serializer::ListCertificates.deserialize_args,Method,BSV/Wallet/Serializer/ListCertificates.md#method-c-deserialize_args
BSV::Wallet::Serializer::ListCertificates.deserialize_result,Method,BSV/Wallet/Serializer/ListCertificates.md#method-c-deserialize_result
BSV::Wallet::Serializer::ListCertificates.serialize_args,Method,BSV/Wallet/Serializer/ListCertificates.md#method-c-serialize_args
BSV::Wallet::Serializer::ListCertificates.serialize_result,Method,BSV/Wallet/Serializer/ListCertificates.md#method-c-serialize_result
BSV::Wallet::Serializer::ProveCertificate,Module,BSV/Wallet/Serializer/ProveCertificate.md
BSV::Wallet::Serializer::ProveCertificate.CERT_TYPE_SIZE,Constant,BSV/Wallet/Serializer/ProveCertificate.md#constant-CERT_TYPE_SIZE
BSV::Wallet::Serializer::ProveCertificate.SERIAL_SIZE,Constant,BSV/Wallet/Serializer/ProveCertificate.md#constant-SERIAL_SIZE
BSV::Wallet::Serializer::ProveCertificate.PUBKEY_SIZE,Constant,BSV/Wallet/Serializer/ProveCertificate.md#constant-PUBKEY_SIZE
BSV::Wallet::Serializer::ProveCertificate.deserialize_args,Method,BSV/Wallet/Serializer/ProveCertificate.md#method-c-deserialize_args
BSV::Wallet::Serializer::ProveCertificate.deserialize_result,Method,BSV/Wallet/Serializer/ProveCertificate.md#method-c-deserialize_result
BSV::Wallet::Serializer::ProveCertificate.serialize_args,Method,BSV/Wallet/Serializer/ProveCertificate.md#method-c-serialize_args
BSV::Wallet::Serializer::ProveCertificate.serialize_result,Method,BSV/Wallet/Serializer/ProveCertificate.md#method-c-serialize_result
BSV::Wallet::Serializer::RelinquishOutput,Module,BSV/Wallet/Serializer/RelinquishOutput.md
BSV::Wallet::Serializer::RelinquishOutput.deserialize_args,Method,BSV/Wallet/Serializer/RelinquishOutput.md#method-c-deserialize_args
BSV::Wallet::Serializer::RelinquishOutput.deserialize_result,Method,BSV/Wallet/Serializer/RelinquishOutput.md#method-c-deserialize_result
BSV::Wallet::Serializer::RelinquishOutput.serialize_args,Method,BSV/Wallet/Serializer/RelinquishOutput.md#method-c-serialize_args
BSV::Wallet::Serializer::RelinquishOutput.serialize_result,Method,BSV/Wallet/Serializer/RelinquishOutput.md#method-c-serialize_result
BSV::Script::Interpreter::Operations,Module,BSV/Script/Interpreter/Operations.md
BSV::Script::Interpreter::Operations::Crypto,Module,BSV/Script/Interpreter/Operations/Crypto.md
BSV::Script::Interpreter::Operations::Splice,Module,BSV/Script/Interpreter/Operations/Splice.md
BSV::Wallet::Serializer::CreateActionArgs,Module,BSV/Wallet/Serializer/CreateActionArgs.md
BSV::Wallet::Serializer::CreateActionArgs.TRUST_SELF_KNOWN,Constant,BSV/Wallet/Serializer/CreateActionArgs.md#constant-TRUST_SELF_KNOWN
BSV::Wallet::Serializer::CreateActionArgs.deserialize,Method,BSV/Wallet/Serializer/CreateActionArgs.md#method-c-deserialize
BSV::Wallet::Serializer::CreateActionArgs.serialize,Method,BSV/Wallet/Serializer/CreateActionArgs.md#method-c-serialize
BSV::Wallet::Serializer::InternalizeActionArgs,Module,BSV/Wallet/Serializer/InternalizeActionArgs.md
BSV::Wallet::Serializer::InternalizeActionArgs.PROTOCOL_WALLET_PAYMENT,Constant,BSV/Wallet/Serializer/InternalizeActionArgs.md#constant-PROTOCOL_WALLET_PAYMENT
BSV::Wallet::Serializer::InternalizeActionArgs.PROTOCOL_BASKET_INSERTION,Constant,BSV/Wallet/Serializer/InternalizeActionArgs.md#constant-PROTOCOL_BASKET_INSERTION
BSV::Wallet::Serializer::InternalizeActionArgs.PUBKEY_SIZE,Constant,BSV/Wallet/Serializer/InternalizeActionArgs.md#constant-PUBKEY_SIZE
BSV::Wallet::Serializer::InternalizeActionArgs.deserialize,Method,BSV/Wallet/Serializer/InternalizeActionArgs.md#method-c-deserialize
BSV::Wallet::Serializer::InternalizeActionArgs.serialize,Method,BSV/Wallet/Serializer/InternalizeActionArgs.md#method-c-serialize
BSV::Wallet::Serializer::InternalizeActionResult,Module,BSV/Wallet/Serializer/InternalizeActionResult.md
BSV::Wallet::Serializer::InternalizeActionResult.deserialize,Method,BSV/Wallet/Serializer/InternalizeActionResult.md#method-c-deserialize
BSV::Wallet::Serializer::InternalizeActionResult.serialize,Method,BSV/Wallet/Serializer/InternalizeActionResult.md#method-c-serialize
BSV::Wallet::Serializer::SignActionResult,Module,BSV/Wallet/Serializer/SignActionResult.md
BSV::Wallet::Serializer::SignActionResult.deserialize,Method,BSV/Wallet/Serializer/SignActionResult.md#method-c-deserialize
BSV::Wallet::Serializer::SignActionResult.serialize,Method,BSV/Wallet/Serializer/SignActionResult.md#method-c-serialize
BSV::Script::Interpreter::Operations::Bitwise,Module,BSV/Script/Interpreter/Operations/Bitwise.md
BSV::Wallet::Serializer::AcquireCertificate,Module,BSV/Wallet/Serializer/AcquireCertificate.md
BSV::Wallet::Serializer::AcquireCertificate.ACQUISITION_DIRECT,Constant,BSV/Wallet/Serializer/AcquireCertificate.md#constant-ACQUISITION_DIRECT
BSV::Wallet::Serializer::AcquireCertificate.ACQUISITION_ISSUANCE,Constant,BSV/Wallet/Serializer/AcquireCertificate.md#constant-ACQUISITION_ISSUANCE
BSV::Wallet::Serializer::AcquireCertificate.KEYRING_REVEALER_CERTIFIER,Constant,BSV/Wallet/Serializer/AcquireCertificate.md#constant-KEYRING_REVEALER_CERTIFIER
BSV::Wallet::Serializer::AcquireCertificate.CERT_TYPE_SIZE,Constant,BSV/Wallet/Serializer/AcquireCertificate.md#constant-CERT_TYPE_SIZE
BSV::Wallet::Serializer::AcquireCertificate.SERIAL_SIZE,Constant,BSV/Wallet/Serializer/AcquireCertificate.md#constant-SERIAL_SIZE
BSV::Wallet::Serializer::AcquireCertificate.PUBKEY_SIZE,Constant,BSV/Wallet/Serializer/AcquireCertificate.md#constant-PUBKEY_SIZE
BSV::Wallet::Serializer::AcquireCertificate.deserialize_args,Method,BSV/Wallet/Serializer/AcquireCertificate.md#method-c-deserialize_args
BSV::Wallet::Serializer::AcquireCertificate.deserialize_result,Method,BSV/Wallet/Serializer/AcquireCertificate.md#method-c-deserialize_result
BSV::Wallet::Serializer::AcquireCertificate.serialize_args,Method,BSV/Wallet/Serializer/AcquireCertificate.md#method-c-serialize_args
BSV::Wallet::Serializer::AcquireCertificate.serialize_result,Method,BSV/Wallet/Serializer/AcquireCertificate.md#method-c-serialize_result
BSV::Wallet::Serializer::CreateActionResult,Module,BSV/Wallet/Serializer/CreateActionResult.md
BSV::Wallet::Serializer::CreateActionResult.deserialize,Method,BSV/Wallet/Serializer/CreateActionResult.md#method-c-deserialize
BSV::Wallet::Serializer::CreateActionResult.serialize,Method,BSV/Wallet/Serializer/CreateActionResult.md#method-c-serialize
BSV::Script::Interpreter::Operations::DataPush,Module,BSV/Script/Interpreter/Operations/DataPush.md
BSV::Script::Interpreter::Operations::StackOps,Module,BSV/Script/Interpreter/Operations/StackOps.md
BSV::Wallet::Serializer::GetHeaderForHeight,Module,BSV/Wallet/Serializer/GetHeaderForHeight.md
BSV::Wallet::Serializer::GetHeaderForHeight.HEADER_BYTES,Constant,BSV/Wallet/Serializer/GetHeaderForHeight.md#constant-HEADER_BYTES
BSV::Wallet::Serializer::GetHeaderForHeight::Args,Module,BSV/Wallet/Serializer/GetHeaderForHeight/Args.md
BSV::Wallet::Serializer::GetHeaderForHeight::Args.deserialize,Method,BSV/Wallet/Serializer/GetHeaderForHeight/Args.md#method-c-deserialize
BSV::Wallet::Serializer::GetHeaderForHeight::Args.serialize,Method,BSV/Wallet/Serializer/GetHeaderForHeight/Args.md#method-c-serialize
BSV::Wallet::Serializer::GetHeaderForHeight::Result,Module,BSV/Wallet/Serializer/GetHeaderForHeight/Result.md
BSV::Wallet::Serializer::GetHeaderForHeight::Result.deserialize,Method,BSV/Wallet/Serializer/GetHeaderForHeight/Result.md#method-c-deserialize
BSV::Wallet::Serializer::GetHeaderForHeight::Result.serialize,Method,BSV/Wallet/Serializer/GetHeaderForHeight/Result.md#method-c-serialize
BSV::Script::Interpreter::Operations::Arithmetic,Module,BSV/Script/Interpreter/Operations/Arithmetic.md
BSV::Wallet::Serializer::DiscoverByAttributes,Module,BSV/Wallet/Serializer/DiscoverByAttributes.md
BSV::Wallet::Serializer::DiscoverByAttributes.deserialize_args,Method,BSV/Wallet/Serializer/DiscoverByAttributes.md#method-c-deserialize_args
BSV::Wallet::Serializer::DiscoverByAttributes.deserialize_result,Method,BSV/Wallet/Serializer/DiscoverByAttributes.md#method-c-deserialize_result
BSV::Wallet::Serializer::DiscoverByAttributes.serialize_args,Method,BSV/Wallet/Serializer/DiscoverByAttributes.md#method-c-serialize_args
BSV::Wallet::Serializer::DiscoverByAttributes.serialize_result,Method,BSV/Wallet/Serializer/DiscoverByAttributes.md#method-c-serialize_result
BSV::Wallet::Serializer::RelinquishCertificate,Module,BSV/Wallet/Serializer/RelinquishCertificate.md
BSV::Wallet::Serializer::RelinquishCertificate.CERT_TYPE_SIZE,Constant,BSV/Wallet/Serializer/RelinquishCertificate.md#constant-CERT_TYPE_SIZE
BSV::Wallet::Serializer::RelinquishCertificate.SERIAL_SIZE,Constant,BSV/Wallet/Serializer/RelinquishCertificate.md#constant-SERIAL_SIZE
BSV::Wallet::Serializer::RelinquishCertificate.PUBKEY_SIZE,Constant,BSV/Wallet/Serializer/RelinquishCertificate.md#constant-PUBKEY_SIZE
BSV::Wallet::Serializer::RelinquishCertificate.deserialize_args,Method,BSV/Wallet/Serializer/RelinquishCertificate.md#method-c-deserialize_args
BSV::Wallet::Serializer::RelinquishCertificate.deserialize_result,Method,BSV/Wallet/Serializer/RelinquishCertificate.md#method-c-deserialize_result
BSV::Wallet::Serializer::RelinquishCertificate.serialize_args,Method,BSV/Wallet/Serializer/RelinquishCertificate.md#method-c-serialize_args
BSV::Wallet::Serializer::RelinquishCertificate.serialize_result,Method,BSV/Wallet/Serializer/RelinquishCertificate.md#method-c-serialize_result
BSV::Script::Interpreter::Operations::FlowControl,Module,BSV/Script/Interpreter/Operations/FlowControl.md
BSV::Wallet::Serializer::DiscoverByIdentityKey,Module,BSV/Wallet/Serializer/DiscoverByIdentityKey.md
BSV::Wallet::Serializer::DiscoverByIdentityKey.PUBKEY_SIZE,Constant,BSV/Wallet/Serializer/DiscoverByIdentityKey.md#constant-PUBKEY_SIZE
BSV::Wallet::Serializer::DiscoverByIdentityKey.deserialize_args,Method,BSV/Wallet/Serializer/DiscoverByIdentityKey.md#method-c-deserialize_args
BSV::Wallet::Serializer::DiscoverByIdentityKey.deserialize_result,Method,BSV/Wallet/Serializer/DiscoverByIdentityKey.md#method-c-deserialize_result
BSV::Wallet::Serializer::DiscoverByIdentityKey.serialize_args,Method,BSV/Wallet/Serializer/DiscoverByIdentityKey.md#method-c-serialize_args
BSV::Wallet::Serializer::DiscoverByIdentityKey.serialize_result,Method,BSV/Wallet/Serializer/DiscoverByIdentityKey.md#method-c-serialize_result
BSV::Wallet::Serializer::RevealSpecificKeyLinkage,Module,BSV/Wallet/Serializer/RevealSpecificKeyLinkage.md
BSV::Wallet::Serializer::RevealSpecificKeyLinkage.PUBKEY_SIZE,Constant,BSV/Wallet/Serializer/RevealSpecificKeyLinkage.md#constant-PUBKEY_SIZE
BSV::Wallet::Serializer::RevealSpecificKeyLinkage::Args,Module,BSV/Wallet/Serializer/RevealSpecificKeyLinkage/Args.md
BSV::Wallet::Serializer::RevealSpecificKeyLinkage::Args.deserialize,Method,BSV/Wallet/Serializer/RevealSpecificKeyLinkage/Args.md#method-c-deserialize
BSV::Wallet::Serializer::RevealSpecificKeyLinkage::Args.serialize,Method,BSV/Wallet/Serializer/RevealSpecificKeyLinkage/Args.md#method-c-serialize
BSV::Wallet::Serializer::RevealSpecificKeyLinkage::Result,Module,BSV/Wallet/Serializer/RevealSpecificKeyLinkage/Result.md
BSV::Wallet::Serializer::RevealSpecificKeyLinkage::Result.deserialize,Method,BSV/Wallet/Serializer/RevealSpecificKeyLinkage/Result.md#method-c-deserialize
BSV::Wallet::Serializer::RevealSpecificKeyLinkage::Result.serialize,Method,BSV/Wallet/Serializer/RevealSpecificKeyLinkage/Result.md#method-c-serialize
BSV::Wallet::Serializer::DiscoverCertificatesResult,Module,BSV/Wallet/Serializer/DiscoverCertificatesResult.md
BSV::Wallet::Serializer::DiscoverCertificatesResult.deserialize,Method,BSV/Wallet/Serializer/DiscoverCertificatesResult.md#method-c-deserialize
BSV::Wallet::Serializer::DiscoverCertificatesResult.serialize,Method,BSV/Wallet/Serializer/DiscoverCertificatesResult.md#method-c-serialize
BSV::Wallet::Serializer::RevealCounterpartyKeyLinkage,Module,BSV/Wallet/Serializer/RevealCounterpartyKeyLinkage.md
BSV::Wallet::Serializer::RevealCounterpartyKeyLinkage.PUBKEY_SIZE,Constant,BSV/Wallet/Serializer/RevealCounterpartyKeyLinkage.md#constant-PUBKEY_SIZE
BSV::Wallet::Serializer::RevealCounterpartyKeyLinkage::Args,Module,BSV/Wallet/Serializer/RevealCounterpartyKeyLinkage/Args.md
BSV::Wallet::Serializer::RevealCounterpartyKeyLinkage::Args.deserialize,Method,BSV/Wallet/Serializer/RevealCounterpartyKeyLinkage/Args.md#method-c-deserialize
BSV::Wallet::Serializer::RevealCounterpartyKeyLinkage::Args.serialize,Method,BSV/Wallet/Serializer/RevealCounterpartyKeyLinkage/Args.md#method-c-serialize
BSV::Wallet::Serializer::RevealCounterpartyKeyLinkage::Result,Module,BSV/Wallet/Serializer/RevealCounterpartyKeyLinkage/Result.md
BSV::Wallet::Serializer::RevealCounterpartyKeyLinkage::Result.deserialize,Method,BSV/Wallet/Serializer/RevealCounterpartyKeyLinkage/Result.md#method-c-deserialize
BSV::Wallet::Serializer::RevealCounterpartyKeyLinkage::Result.serialize,Method,BSV/Wallet/Serializer/RevealCounterpartyKeyLinkage/Result.md#method-c-serialize
BSV::Auth::Peer,Class,BSV/Auth/Peer.md
BSV::Auth::Peer.AUTH_PROTOCOL,Constant,BSV/Auth/Peer.md#constant-AUTH_PROTOCOL
BSV::Auth::Peer.authenticated?,Method,BSV/Auth/Peer.md#method-i-authenticated-3F
BSV::Auth::Peer.get_authenticated_session,Method,BSV/Auth/Peer.md#method-i-get_authenticated_session
BSV::Auth::Peer.identity_key,Method,BSV/Auth/Peer.md#method-i-identity_key
BSV::Auth::Peer.initialize,Method,BSV/Auth/Peer.md#method-i-initialize
BSV::Auth::Peer.off_certificate_request,Method,BSV/Auth/Peer.md#method-i-off_certificate_request
BSV::Auth::Peer.off_certificates_received,Method,BSV/Auth/Peer.md#method-i-off_certificates_received
BSV::Auth::Peer.off_general_message,Method,BSV/Auth/Peer.md#method-i-off_general_message
BSV::Auth::Peer.on_certificate_request,Method,BSV/Auth/Peer.md#method-i-on_certificate_request
BSV::Auth::Peer.on_certificates_received,Method,BSV/Auth/Peer.md#method-i-on_certificates_received
BSV::Auth::Peer.on_general_message,Method,BSV/Auth/Peer.md#method-i-on_general_message
BSV::Auth::Peer.request_certificates,Method,BSV/Auth/Peer.md#method-i-request_certificates
BSV::Auth::Peer.send_certificate_response,Method,BSV/Auth/Peer.md#method-i-send_certificate_response
BSV::Auth::Peer.to_peer,Method,BSV/Auth/Peer.md#method-i-to_peer
BSV::Auth::Peer.last_interacted_peer,Attribute,BSV/Auth/Peer.md#attribute-i-last_interacted_peer
BSV::Auth::Peer.session_manager,Attribute,BSV/Auth/Peer.md#attribute-i-session_manager
BSV::Auth::Peer.wallet,Attribute,BSV/Auth/Peer.md#attribute-i-wallet
BSV::MCP::Config,Class,BSV/MCP/Config.md
BSV::MCP::Config.MAINNET,Constant,BSV/MCP/Config.md#constant-MAINNET
BSV::MCP::Config.TESTNET,Constant,BSV/MCP/Config.md#constant-TESTNET
BSV::MCP::Config.VALID_NETWORKS,Constant,BSV/MCP/Config.md#constant-VALID_NETWORKS
BSV::MCP::Config.initialize,Method,BSV/MCP/Config.md#method-i-initialize
BSV::MCP::Config.mainnet?,Method,BSV/MCP/Config.md#method-i-mainnet-3F
BSV::MCP::Config.testnet?,Method,BSV/MCP/Config.md#method-i-testnet-3F
BSV::MCP::Config.arc_api_key,Attribute,BSV/MCP/Config.md#attribute-i-arc_api_key
BSV::MCP::Config.arc_url,Attribute,BSV/MCP/Config.md#attribute-i-arc_url
BSV::MCP::Config.network,Attribute,BSV/MCP/Config.md#attribute-i-network
BSV::Network::UTXO,Class,BSV/Network/UTXO.md
BSV::Network::UTXO.==,Method,BSV/Network/UTXO.md#method-i--3D-3D
BSV::Network::UTXO.hash,Method,BSV/Network/UTXO.md#method-i-hash
BSV::Network::UTXO.initialize,Method,BSV/Network/UTXO.md#method-i-initialize
BSV::Network::UTXO.height,Attribute,BSV/Network/UTXO.md#attribute-i-height
BSV::Network::UTXO.satoshis,Attribute,BSV/Network/UTXO.md#attribute-i-satoshis
BSV::Network::UTXO.tx_hash,Attribute,BSV/Network/UTXO.md#attribute-i-tx_hash
BSV::Network::UTXO.tx_pos,Attribute,BSV/Network/UTXO.md#attribute-i-tx_pos
BSV::Script::Chunk,Class,BSV/Script/Chunk.md
BSV::Script::Chunk.==,Method,BSV/Script/Chunk.md#method-i--3D-3D
BSV::Script::Chunk.data?,Method,BSV/Script/Chunk.md#method-i-data-3F
BSV::Script::Chunk.initialize,Method,BSV/Script/Chunk.md#method-i-initialize
BSV::Script::Chunk.to_asm,Method,BSV/Script/Chunk.md#method-i-to_asm
BSV::Script::Chunk.to_binary,Method,BSV/Script/Chunk.md#method-i-to_binary
BSV::Script::Chunk.data,Attribute,BSV/Script/Chunk.md#attribute-i-data
BSV::Script::Chunk.opcode,Attribute,BSV/Script/Chunk.md#attribute-i-opcode
BSV::Overlay::TaggedBEEF,Class,BSV/Overlay/TaggedBEEF.md
BSV::Overlay::TaggedBEEF.initialize,Method,BSV/Overlay/TaggedBEEF.md#method-i-initialize
BSV::Overlay::TaggedBEEF.beef,Attribute,BSV/Overlay/TaggedBEEF.md#attribute-i-beef
BSV::Overlay::TaggedBEEF.topics,Attribute,BSV/Overlay/TaggedBEEF.md#attribute-i-topics
BSV::Overlay::AdmittanceInstructions,Class,BSV/Overlay/AdmittanceInstructions.md
BSV::Overlay::AdmittanceInstructions.initialize,Method,BSV/Overlay/AdmittanceInstructions.md#method-i-initialize
BSV::Overlay::AdmittanceInstructions.coins_removed,Attribute,BSV/Overlay/AdmittanceInstructions.md#attribute-i-coins_removed
BSV::Overlay::AdmittanceInstructions.coins_to_retain,Attribute,BSV/Overlay/AdmittanceInstructions.md#attribute-i-coins_to_retain
BSV::Overlay::AdmittanceInstructions.outputs_to_admit,Attribute,BSV/Overlay/AdmittanceInstructions.md#attribute-i-outputs_to_admit
BSV::Overlay::LookupQuestion,Class,BSV/Overlay/LookupQuestion.md
BSV::Overlay::LookupQuestion.initialize,Method,BSV/Overlay/LookupQuestion.md#method-i-initialize
BSV::Overlay::LookupQuestion.query,Attribute,BSV/Overlay/LookupQuestion.md#attribute-i-query
BSV::Overlay::LookupQuestion.service,Attribute,BSV/Overlay/LookupQuestion.md#attribute-i-service
BSV::Overlay::LookupAnswer,Class,BSV/Overlay/LookupAnswer.md
BSV::Overlay::LookupAnswer.initialize,Method,BSV/Overlay/LookupAnswer.md#method-i-initialize
BSV::Overlay::LookupAnswer.outputs,Attribute,BSV/Overlay/LookupAnswer.md#attribute-i-outputs
BSV::Overlay::LookupAnswer.type,Attribute,BSV/Overlay/LookupAnswer.md#attribute-i-type
BSV::Overlay::OverlayBroadcastResult,Class,BSV/Overlay/OverlayBroadcastResult.md
BSV::Overlay::OverlayBroadcastResult.initialize,Method,BSV/Overlay/OverlayBroadcastResult.md#method-i-initialize
BSV::Overlay::OverlayBroadcastResult.raise_if_error!,Method,BSV/Overlay/OverlayBroadcastResult.md#method-i-raise_if_error-21
BSV::Overlay::OverlayBroadcastResult.success?,Method,BSV/Overlay/OverlayBroadcastResult.md#method-i-success-3F
BSV::Overlay::OverlayBroadcastResult.code,Attribute,BSV/Overlay/OverlayBroadcastResult.md#attribute-i-code
BSV::Overlay::OverlayBroadcastResult.description,Attribute,BSV/Overlay/OverlayBroadcastResult.md#attribute-i-description
BSV::Overlay::OverlayBroadcastResult.message,Attribute,BSV/Overlay/OverlayBroadcastResult.md#attribute-i-message
BSV::Overlay::OverlayBroadcastResult.status,Attribute,BSV/Overlay/OverlayBroadcastResult.md#attribute-i-status
BSV::Overlay::OverlayBroadcastResult.txid,Attribute,BSV/Overlay/OverlayBroadcastResult.md#attribute-i-txid
BSV::Script::BIP276::Result,Class,BSV/Script/BIP276/Result.md
BSV::Script::BIP276::Result.data,Attribute,BSV/Script/BIP276/Result.md#attribute-i-data
BSV::Script::BIP276::Result.network,Attribute,BSV/Script/BIP276/Result.md#attribute-i-network
BSV::Script::BIP276::Result.prefix,Attribute,BSV/Script/BIP276/Result.md#attribute-i-prefix
BSV::Script::BIP276::Result.version,Attribute,BSV/Script/BIP276/Result.md#attribute-i-version
BSV::Script::BIP276::Error,Class,BSV/Script/BIP276/Error.md
BSV::Script::BIP276::InvalidFormat,Class,BSV/Script/BIP276/InvalidFormat.md
BSV::Script::BIP276::InvalidChecksum,Class,BSV/Script/BIP276/InvalidChecksum.md
BSV::Script::Script,Class,BSV/Script/Script.md
BSV::Script::Script.RPUZZLE_HASH_OPS,Constant,BSV/Script/Script.md#constant-RPUZZLE_HASH_OPS
BSV::Script::Script.RPUZZLE_OP_TO_TYPE,Constant,BSV/Script/Script.md#constant-RPUZZLE_OP_TO_TYPE
BSV::Script::Script.RPUZZLE_PREFIX,Constant,BSV/Script/Script.md#constant-RPUZZLE_PREFIX
BSV::Script::Script.DROP_OPS,Constant,BSV/Script/Script.md#constant-DROP_OPS
BSV::Script::Script.==,Method,BSV/Script/Script.md#method-i--3D-3D
BSV::Script::Script.addresses,Method,BSV/Script/Script.md#method-i-addresses
BSV::Script::Script.chunks,Method,BSV/Script/Script.md#method-i-chunks
BSV::Script::Script.initialize,Method,BSV/Script/Script.md#method-i-initialize
BSV::Script::Script.length,Method,BSV/Script/Script.md#method-i-length
BSV::Script::Script.multisig?,Method,BSV/Script/Script.md#method-i-multisig-3F
BSV::Script::Script.op_cat?,Method,BSV/Script/Script.md#method-i-op_cat-3F
BSV::Script::Script.op_return?,Method,BSV/Script/Script.md#method-i-op_return-3F
BSV::Script::Script.op_return_data,Method,BSV/Script/Script.md#method-i-op_return_data
BSV::Script::Script.p2pk?,Method,BSV/Script/Script.md#method-i-p2pk-3F
BSV::Script::Script.p2pkh?,Method,BSV/Script/Script.md#method-i-p2pkh-3F
BSV::Script::Script.p2sh?,Method,BSV/Script/Script.md#method-i-p2sh-3F
BSV::Script::Script.pubkey_hash,Method,BSV/Script/Script.md#method-i-pubkey_hash
BSV::Script::Script.pushdrop?,Method,BSV/Script/Script.md#method-i-pushdrop-3F
BSV::Script::Script.pushdrop_fields,Method,BSV/Script/Script.md#method-i-pushdrop_fields
BSV::Script::Script.pushdrop_lock_script,Method,BSV/Script/Script.md#method-i-pushdrop_lock_script
BSV::Script::Script.rpuzzle?,Method,BSV/Script/Script.md#method-i-rpuzzle-3F
BSV::Script::Script.rpuzzle_hash,Method,BSV/Script/Script.md#method-i-rpuzzle_hash
BSV::Script::Script.rpuzzle_hash_type,Method,BSV/Script/Script.md#method-i-rpuzzle_hash_type
BSV::Script::Script.script_hash,Method,BSV/Script/Script.md#method-i-script_hash
BSV::Script::Script.to_asm,Method,BSV/Script/Script.md#method-i-to_asm
BSV::Script::Script.to_binary,Method,BSV/Script/Script.md#method-i-to_binary
BSV::Script::Script.to_hex,Method,BSV/Script/Script.md#method-i-to_hex
BSV::Script::Script.type,Method,BSV/Script/Script.md#method-i-type
BSV::Script::Script.builder,Method,BSV/Script/Script.md#method-c-builder
BSV::Script::Script.from_asm,Method,BSV/Script/Script.md#method-c-from_asm
BSV::Script::Script.from_binary,Method,BSV/Script/Script.md#method-c-from_binary
BSV::Script::Script.from_chunks,Method,BSV/Script/Script.md#method-c-from_chunks
BSV::Script::Script.from_hex,Method,BSV/Script/Script.md#method-c-from_hex
BSV::Script::Script.op_cat_lock,Method,BSV/Script/Script.md#method-c-op_cat_lock
BSV::Script::Script.op_cat_unlock,Method,BSV/Script/Script.md#method-c-op_cat_unlock
BSV::Script::Script.op_return,Method,BSV/Script/Script.md#method-c-op_return
BSV::Script::Script.p2ms_lock,Method,BSV/Script/Script.md#method-c-p2ms_lock
BSV::Script::Script.p2ms_unlock,Method,BSV/Script/Script.md#method-c-p2ms_unlock
BSV::Script::Script.p2pk_lock,Method,BSV/Script/Script.md#method-c-p2pk_lock
BSV::Script::Script.p2pk_unlock,Method,BSV/Script/Script.md#method-c-p2pk_unlock
BSV::Script::Script.p2pkh_lock,Method,BSV/Script/Script.md#method-c-p2pkh_lock
BSV::Script::Script.p2pkh_unlock,Method,BSV/Script/Script.md#method-c-p2pkh_unlock
BSV::Script::Script.pushdrop_lock,Method,BSV/Script/Script.md#method-c-pushdrop_lock
BSV::Script::Script.pushdrop_unlock,Method,BSV/Script/Script.md#method-c-pushdrop_unlock
BSV::Script::Script.rpuzzle_lock,Method,BSV/Script/Script.md#method-c-rpuzzle_lock
BSV::Script::Script.rpuzzle_unlock,Method,BSV/Script/Script.md#method-c-rpuzzle_unlock
BSV::Script::Script.bytes,Attribute,BSV/Script/Script.md#attribute-i-bytes
BSV::Wallet::Error,Class,BSV/Wallet/Error.md
BSV::Wallet::Error.initialize,Method,BSV/Wallet/Error.md#method-i-initialize
BSV::Wallet::Error.to_wire,Method,BSV/Wallet/Error.md#method-i-to_wire
BSV::Wallet::Error.code,Attribute,BSV/Wallet/Error.md#attribute-i-code
BSV::Wallet::Error.wallet_stack,Attribute,BSV/Wallet/Error.md#attribute-i-wallet_stack
BSV::Wallet::UnsupportedActionError,Class,BSV/Wallet/UnsupportedActionError.md
BSV::Wallet::UnsupportedActionError.initialize,Method,BSV/Wallet/UnsupportedActionError.md#method-i-initialize
BSV::Wallet::InvalidHmacError,Class,BSV/Wallet/InvalidHmacError.md
BSV::Wallet::InvalidHmacError.initialize,Method,BSV/Wallet/InvalidHmacError.md#method-i-initialize
BSV::Wallet::InvalidSignatureError,Class,BSV/Wallet/InvalidSignatureError.md
BSV::Wallet::InvalidSignatureError.initialize,Method,BSV/Wallet/InvalidSignatureError.md#method-i-initialize
BSV::Wallet::InsufficientFundsError,Class,BSV/Wallet/InsufficientFundsError.md
BSV::Wallet::InsufficientFundsError.initialize,Method,BSV/Wallet/InsufficientFundsError.md#method-i-initialize
BSV::Wallet::InvalidParameterError,Class,BSV/Wallet/InvalidParameterError.md
BSV::Wallet::InvalidParameterError.initialize,Method,BSV/Wallet/InvalidParameterError.md#method-i-initialize
BSV::Wallet::InvalidParameterError.parameter,Attribute,BSV/Wallet/InvalidParameterError.md#attribute-i-parameter
BSV::Wallet::ReviewActionsError,Class,BSV/Wallet/ReviewActionsError.md
BSV::Wallet::ReviewActionsError.initialize,Method,BSV/Wallet/ReviewActionsError.md#method-i-initialize
BSV::Identity::DisplayableIdentity,Class,BSV/Identity/DisplayableIdentity.md
BSV::Identity::DisplayableIdentity.initialize,Method,BSV/Identity/DisplayableIdentity.md#method-i-initialize
BSV::Identity::DisplayableIdentity.abbreviated_key,Attribute,BSV/Identity/DisplayableIdentity.md#attribute-i-abbreviated_key
BSV::Identity::DisplayableIdentity.avatar_url,Attribute,BSV/Identity/DisplayableIdentity.md#attribute-i-avatar_url
BSV::Identity::DisplayableIdentity.badge_click_url,Attribute,BSV/Identity/DisplayableIdentity.md#attribute-i-badge_click_url
BSV::Identity::DisplayableIdentity.badge_icon_url,Attribute,BSV/Identity/DisplayableIdentity.md#attribute-i-badge_icon_url
BSV::Identity::DisplayableIdentity.badge_label,Attribute,BSV/Identity/DisplayableIdentity.md#attribute-i-badge_label
BSV::Identity::DisplayableIdentity.identity_key,Attribute,BSV/Identity/DisplayableIdentity.md#attribute-i-identity_key
BSV::Identity::DisplayableIdentity.name,Attribute,BSV/Identity/DisplayableIdentity.md#attribute-i-name
BSV::Identity::CertifierInfo,Class,BSV/Identity/CertifierInfo.md
BSV::Identity::CertifierInfo.initialize,Method,BSV/Identity/CertifierInfo.md#method-i-initialize
BSV::Identity::CertifierInfo.icon_url,Attribute,BSV/Identity/CertifierInfo.md#attribute-i-icon_url
BSV::Identity::CertifierInfo.name,Attribute,BSV/Identity/CertifierInfo.md#attribute-i-name
BSV::Identity::IdentityCertificate,Class,BSV/Identity/IdentityCertificate.md
BSV::Identity::IdentityCertificate.initialize,Method,BSV/Identity/IdentityCertificate.md#method-i-initialize
BSV::Identity::IdentityCertificate.certificate,Attribute,BSV/Identity/IdentityCertificate.md#attribute-i-certificate
BSV::Identity::IdentityCertificate.certifier_info,Attribute,BSV/Identity/IdentityCertificate.md#attribute-i-certifier_info
BSV::Identity::IdentityCertificate.decrypted_fields,Attribute,BSV/Identity/IdentityCertificate.md#attribute-i-decrypted_fields
BSV::Identity::ClientOptions,Class,BSV/Identity/ClientOptions.md
BSV::Identity::ClientOptions.DEFAULT,Constant,BSV/Identity/ClientOptions.md#constant-DEFAULT
BSV::Identity::ClientOptions.initialize,Method,BSV/Identity/ClientOptions.md#method-i-initialize
BSV::Identity::ClientOptions.key_id,Attribute,BSV/Identity/ClientOptions.md#attribute-i-key_id
BSV::Identity::ClientOptions.output_index,Attribute,BSV/Identity/ClientOptions.md#attribute-i-output_index
BSV::Identity::ClientOptions.protocol_id,Attribute,BSV/Identity/ClientOptions.md#attribute-i-protocol_id
BSV::Identity::ClientOptions.token_amount,Attribute,BSV/Identity/ClientOptions.md#attribute-i-token_amount
BSV::KVStore::Entry,Class,BSV/KVStore/Entry.md
BSV::KVStore::Entry.initialize,Method,BSV/KVStore/Entry.md#method-i-initialize
BSV::KVStore::Entry.controller,Attribute,BSV/KVStore/Entry.md#attribute-i-controller
BSV::KVStore::Entry.history,Attribute,BSV/KVStore/Entry.md#attribute-i-history
BSV::KVStore::Entry.key,Attribute,BSV/KVStore/Entry.md#attribute-i-key
BSV::KVStore::Entry.protocol_id,Attribute,BSV/KVStore/Entry.md#attribute-i-protocol_id
BSV::KVStore::Entry.tags,Attribute,BSV/KVStore/Entry.md#attribute-i-tags
BSV::KVStore::Entry.token,Attribute,BSV/KVStore/Entry.md#attribute-i-token
BSV::KVStore::Entry.value,Attribute,BSV/KVStore/Entry.md#attribute-i-value
BSV::KVStore::Token,Class,BSV/KVStore/Token.md
BSV::KVStore::Token.beef,Attribute,BSV/KVStore/Token.md#attribute-i-beef
BSV::KVStore::Token.dtxid,Attribute,BSV/KVStore/Token.md#attribute-i-dtxid
BSV::KVStore::Token.output_index,Attribute,BSV/KVStore/Token.md#attribute-i-output_index
BSV::KVStore::Token.satoshis,Attribute,BSV/KVStore/Token.md#attribute-i-satoshis
BSV::Overlay::OverlayError,Class,BSV/Overlay/OverlayError.md
BSV::Overlay::NoCompetentHostsError,Class,BSV/Overlay/NoCompetentHostsError.md
BSV::Overlay::AllHostsRejectedError,Class,BSV/Overlay/AllHostsRejectedError.md
BSV::Overlay::AcknowledgementError,Class,BSV/Overlay/AcknowledgementError.md
BSV::Registry::CertificateFieldDescriptor,Class,BSV/Registry/CertificateFieldDescriptor.md
BSV::Registry::CertificateFieldDescriptor.initialize,Method,BSV/Registry/CertificateFieldDescriptor.md#method-i-initialize
BSV::Registry::CertificateFieldDescriptor.to_h,Method,BSV/Registry/CertificateFieldDescriptor.md#method-i-to_h
BSV::Registry::CertificateFieldDescriptor.description,Attribute,BSV/Registry/CertificateFieldDescriptor.md#attribute-i-description
BSV::Registry::CertificateFieldDescriptor.field_icon,Attribute,BSV/Registry/CertificateFieldDescriptor.md#attribute-i-field_icon
BSV::Registry::CertificateFieldDescriptor.friendly_name,Attribute,BSV/Registry/CertificateFieldDescriptor.md#attribute-i-friendly_name
BSV::Registry::CertificateFieldDescriptor.type,Attribute,BSV/Registry/CertificateFieldDescriptor.md#attribute-i-type
BSV::Registry::BasketDefinitionData,Class,BSV/Registry/BasketDefinitionData.md
BSV::Registry::BasketDefinitionData.initialize,Method,BSV/Registry/BasketDefinitionData.md#method-i-initialize
BSV::Registry::BasketDefinitionData.basket_id,Attribute,BSV/Registry/BasketDefinitionData.md#attribute-i-basket_id
BSV::Registry::BasketDefinitionData.definition_type,Attribute,BSV/Registry/BasketDefinitionData.md#attribute-i-definition_type
BSV::Registry::BasketDefinitionData.description,Attribute,BSV/Registry/BasketDefinitionData.md#attribute-i-description
BSV::Registry::BasketDefinitionData.documentation_url,Attribute,BSV/Registry/BasketDefinitionData.md#attribute-i-documentation_url
BSV::Registry::BasketDefinitionData.icon_url,Attribute,BSV/Registry/BasketDefinitionData.md#attribute-i-icon_url
BSV::Registry::BasketDefinitionData.name,Attribute,BSV/Registry/BasketDefinitionData.md#attribute-i-name
BSV::Registry::BasketDefinitionData.registry_operator,Attribute,BSV/Registry/BasketDefinitionData.md#attribute-i-registry_operator
BSV::Registry::ProtocolDefinitionData,Class,BSV/Registry/ProtocolDefinitionData.md
BSV::Registry::ProtocolDefinitionData.initialize,Method,BSV/Registry/ProtocolDefinitionData.md#method-i-initialize
BSV::Registry::ProtocolDefinitionData.definition_type,Attribute,BSV/Registry/ProtocolDefinitionData.md#attribute-i-definition_type
BSV::Registry::ProtocolDefinitionData.description,Attribute,BSV/Registry/ProtocolDefinitionData.md#attribute-i-description
BSV::Registry::ProtocolDefinitionData.documentation_url,Attribute,BSV/Registry/ProtocolDefinitionData.md#attribute-i-documentation_url
BSV::Registry::ProtocolDefinitionData.icon_url,Attribute,BSV/Registry/ProtocolDefinitionData.md#attribute-i-icon_url
BSV::Registry::ProtocolDefinitionData.name,Attribute,BSV/Registry/ProtocolDefinitionData.md#attribute-i-name
BSV::Registry::ProtocolDefinitionData.protocol_id,Attribute,BSV/Registry/ProtocolDefinitionData.md#attribute-i-protocol_id
BSV::Registry::ProtocolDefinitionData.registry_operator,Attribute,BSV/Registry/ProtocolDefinitionData.md#attribute-i-registry_operator
BSV::Registry::CertificateDefinitionData,Class,BSV/Registry/CertificateDefinitionData.md
BSV::Registry::CertificateDefinitionData.initialize,Method,BSV/Registry/CertificateDefinitionData.md#method-i-initialize
BSV::Registry::CertificateDefinitionData.definition_type,Attribute,BSV/Registry/CertificateDefinitionData.md#attribute-i-definition_type
BSV::Registry::CertificateDefinitionData.description,Attribute,BSV/Registry/CertificateDefinitionData.md#attribute-i-description
BSV::Registry::CertificateDefinitionData.documentation_url,Attribute,BSV/Registry/CertificateDefinitionData.md#attribute-i-documentation_url
BSV::Registry::CertificateDefinitionData.fields,Attribute,BSV/Registry/CertificateDefinitionData.md#attribute-i-fields
BSV::Registry::CertificateDefinitionData.icon_url,Attribute,BSV/Registry/CertificateDefinitionData.md#attribute-i-icon_url
BSV::Registry::CertificateDefinitionData.name,Attribute,BSV/Registry/CertificateDefinitionData.md#attribute-i-name
BSV::Registry::CertificateDefinitionData.registry_operator,Attribute,BSV/Registry/CertificateDefinitionData.md#attribute-i-registry_operator
BSV::Registry::CertificateDefinitionData.type,Attribute,BSV/Registry/CertificateDefinitionData.md#attribute-i-type
BSV::Registry::RegisteredDefinition,Class,BSV/Registry/RegisteredDefinition.md
BSV::Registry::RegisteredDefinition.initialize,Method,BSV/Registry/RegisteredDefinition.md#method-i-initialize
BSV::Registry::RegisteredDefinition.beef,Attribute,BSV/Registry/RegisteredDefinition.md#attribute-i-beef
BSV::Registry::RegisteredDefinition.definition_data,Attribute,BSV/Registry/RegisteredDefinition.md#attribute-i-definition_data
BSV::Registry::RegisteredDefinition.definition_type,Attribute,BSV/Registry/RegisteredDefinition.md#attribute-i-definition_type
BSV::Registry::RegisteredDefinition.locking_script,Attribute,BSV/Registry/RegisteredDefinition.md#attribute-i-locking_script
BSV::Registry::RegisteredDefinition.output_index,Attribute,BSV/Registry/RegisteredDefinition.md#attribute-i-output_index
BSV::Registry::RegisteredDefinition.satoshis,Attribute,BSV/Registry/RegisteredDefinition.md#attribute-i-satoshis
BSV::Registry::RegisteredDefinition.txid,Attribute,BSV/Registry/RegisteredDefinition.md#attribute-i-txid
BSV::Script::Builder,Class,BSV/Script/Builder.md
BSV::Script::Builder.build,Method,BSV/Script/Builder.md#method-i-build
BSV::Script::Builder.initialize,Method,BSV/Script/Builder.md#method-i-initialize
BSV::Script::Builder.push_data,Method,BSV/Script/Builder.md#method-i-push_data
BSV::Script::Builder.push_hex,Method,BSV/Script/Builder.md#method-i-push_hex
BSV::Script::Builder.push_op,Method,BSV/Script/Builder.md#method-i-push_op
BSV::Storage::DownloadError,Class,BSV/Storage/DownloadError.md
BSV::Transaction::Tx,Class,BSV/Transaction/Tx.md
BSV::Transaction::Tx.UNSIGNED_P2PKH_INPUT_SIZE,Constant,BSV/Transaction/Tx.md#constant-UNSIGNED_P2PKH_INPUT_SIZE
BSV::Transaction::Tx.LOG10_RECIPROCAL_D_VALUES_1TO9,Constant,BSV/Transaction/Tx.md#constant-LOG10_RECIPROCAL_D_VALUES_1TO9
BSV::Transaction::Tx.ZERO_HASH,Constant,BSV/Transaction/Tx.md#constant-ZERO_HASH
BSV::Transaction::Tx.add_input,Method,BSV/Transaction/Tx.md#method-i-add_input
BSV::Transaction::Tx.add_output,Method,BSV/Transaction/Tx.md#method-i-add_output
BSV::Transaction::Tx.estimated_fee,Method,BSV/Transaction/Tx.md#method-i-estimated_fee
BSV::Transaction::Tx.estimated_size,Method,BSV/Transaction/Tx.md#method-i-estimated_size
BSV::Transaction::Tx.fee,Method,BSV/Transaction/Tx.md#method-i-fee
BSV::Transaction::Tx.initialize,Method,BSV/Transaction/Tx.md#method-i-initialize
BSV::Transaction::Tx.sighash,Method,BSV/Transaction/Tx.md#method-i-sighash
BSV::Transaction::Tx.sighash_preimage,Method,BSV/Transaction/Tx.md#method-i-sighash_preimage
BSV::Transaction::Tx.sign,Method,BSV/Transaction/Tx.md#method-i-sign
BSV::Transaction::Tx.sign_all,Method,BSV/Transaction/Tx.md#method-i-sign_all
BSV::Transaction::Tx.to_beef,Method,BSV/Transaction/Tx.md#method-i-to_beef
BSV::Transaction::Tx.to_beef_hex,Method,BSV/Transaction/Tx.md#method-i-to_beef_hex
BSV::Transaction::Tx.to_binary,Method,BSV/Transaction/Tx.md#method-i-to_binary
BSV::Transaction::Tx.to_ef,Method,BSV/Transaction/Tx.md#method-i-to_ef
BSV::Transaction::Tx.to_ef_hex,Method,BSV/Transaction/Tx.md#method-i-to_ef_hex
BSV::Transaction::Tx.to_hex,Method,BSV/Transaction/Tx.md#method-i-to_hex
BSV::Transaction::Tx.total_input_satoshis,Method,BSV/Transaction/Tx.md#method-i-total_input_satoshis
BSV::Transaction::Tx.total_output_satoshis,Method,BSV/Transaction/Tx.md#method-i-total_output_satoshis
BSV::Transaction::Tx.txid_hex,Method,BSV/Transaction/Tx.md#method-i-txid_hex
BSV::Transaction::Tx.verify,Method,BSV/Transaction/Tx.md#method-i-verify
BSV::Transaction::Tx.verify_input,Method,BSV/Transaction/Tx.md#method-i-verify_input
BSV::Transaction::Tx.wtxid,Method,BSV/Transaction/Tx.md#method-i-wtxid
BSV::Transaction::Tx.from_beef,Method,BSV/Transaction/Tx.md#method-c-from_beef
BSV::Transaction::Tx.from_beef_hex,Method,BSV/Transaction/Tx.md#method-c-from_beef_hex
BSV::Transaction::Tx.from_binary,Method,BSV/Transaction/Tx.md#method-c-from_binary
BSV::Transaction::Tx.from_binary_with_offset,Method,BSV/Transaction/Tx.md#method-c-from_binary_with_offset
BSV::Transaction::Tx.from_ef,Method,BSV/Transaction/Tx.md#method-c-from_ef
BSV::Transaction::Tx.from_ef_hex,Method,BSV/Transaction/Tx.md#method-c-from_ef_hex
BSV::Transaction::Tx.from_hex,Method,BSV/Transaction/Tx.md#method-c-from_hex
BSV::Transaction::Tx.inputs,Attribute,BSV/Transaction/Tx.md#attribute-i-inputs
BSV::Transaction::Tx.lock_time,Attribute,BSV/Transaction/Tx.md#attribute-i-lock_time
BSV::Transaction::Tx.merkle_path,Attribute,BSV/Transaction/Tx.md#attribute-i-merkle_path
BSV::Transaction::Tx.outputs,Attribute,BSV/Transaction/Tx.md#attribute-i-outputs
BSV::Transaction::Tx.version,Attribute,BSV/Transaction/Tx.md#attribute-i-version
BSV::Auth::AuthError,Class,BSV/Auth/AuthError.md
BSV::Auth::AuthFetch,Class,BSV/Auth/AuthFetch.md
BSV::Auth::AuthFetch.DEFAULT_TIMEOUT,Constant,BSV/Auth/AuthFetch.md#constant-DEFAULT_TIMEOUT
BSV::Auth::AuthFetch.DEFAULT_PAYMENT_RETRIES,Constant,BSV/Auth/AuthFetch.md#constant-DEFAULT_PAYMENT_RETRIES
BSV::Auth::AuthFetch.PAYMENT_RETRY_DELAY_MS,Constant,BSV/Auth/AuthFetch.md#constant-PAYMENT_RETRY_DELAY_MS
BSV::Auth::AuthFetch.PAYMENT_PROTOCOL_ID,Constant,BSV/Auth/AuthFetch.md#constant-PAYMENT_PROTOCOL_ID
BSV::Auth::AuthFetch.SUPPORTED_PAYMENT_VERSION,Constant,BSV/Auth/AuthFetch.md#constant-SUPPORTED_PAYMENT_VERSION
BSV::Auth::AuthFetch.fetch,Method,BSV/Auth/AuthFetch.md#method-i-fetch
BSV::Auth::AuthFetch.initialize,Method,BSV/Auth/AuthFetch.md#method-i-initialize
BSV::Auth::AuthResponse,Class,BSV/Auth/AuthResponse.md
BSV::Auth::AuthResponse.initialize,Method,BSV/Auth/AuthResponse.md#method-i-initialize
BSV::Auth::AuthResponse.body,Attribute,BSV/Auth/AuthResponse.md#attribute-i-body
BSV::Auth::AuthResponse.headers,Attribute,BSV/Auth/AuthResponse.md#attribute-i-headers
BSV::Auth::AuthResponse.identity_key,Attribute,BSV/Auth/AuthResponse.md#attribute-i-identity_key
BSV::Auth::AuthResponse.status,Attribute,BSV/Auth/AuthResponse.md#attribute-i-status
BSV::Identity::Client,Class,BSV/Identity/Client.md
BSV::Identity::Client.DEFAULT_VERIFIER,Constant,BSV/Identity/Client.md#constant-DEFAULT_VERIFIER
BSV::Identity::Client.initialize,Method,BSV/Identity/Client.md#method-i-initialize
BSV::Identity::Client.publicly_reveal_attributes,Method,BSV/Identity/Client.md#method-i-publicly_reveal_attributes
BSV::Identity::Client.resolve_by_attributes,Method,BSV/Identity/Client.md#method-i-resolve_by_attributes
BSV::Identity::Client.resolve_by_identity_key,Method,BSV/Identity/Client.md#method-i-resolve_by_identity_key
BSV::Identity::Client.revoke_certificate_revelation,Method,BSV/Identity/Client.md#method-i-revoke_certificate_revelation
BSV::KVStore::Global,Class,BSV/KVStore/Global.md
BSV::KVStore::Global.get,Method,BSV/KVStore/Global.md#method-i-get
BSV::KVStore::Global.initialize,Method,BSV/KVStore/Global.md#method-i-initialize
BSV::Registry::Client,Class,BSV/Registry/Client.md
BSV::Registry::Client.initialize,Method,BSV/Registry/Client.md#method-i-initialize
BSV::Registry::Client.list_own_registry_entries,Method,BSV/Registry/Client.md#method-i-list_own_registry_entries
BSV::Registry::Client.register_definition,Method,BSV/Registry/Client.md#method-i-register_definition
BSV::Registry::Client.resolve,Method,BSV/Registry/Client.md#method-i-resolve
BSV::Registry::Client.resolve_basket,Method,BSV/Registry/Client.md#method-i-resolve_basket
BSV::Registry::Client.resolve_certificate,Method,BSV/Registry/Client.md#method-i-resolve_certificate
BSV::Registry::Client.resolve_protocol,Method,BSV/Registry/Client.md#method-i-resolve_protocol
BSV::Registry::Client.revoke_definition,Method,BSV/Registry/Client.md#method-i-revoke_definition
BSV::Registry::Client.update_definition,Method,BSV/Registry/Client.md#method-i-update_definition
BSV::Auth::Certificate,Class,BSV/Auth/Certificate.md
BSV::Auth::Certificate.CERT_SIG_PROTOCOL,Constant,BSV/Auth/Certificate.md#constant-CERT_SIG_PROTOCOL
BSV::Auth::Certificate.CERT_FIELD_ENC_PROTOCOL,Constant,BSV/Auth/Certificate.md#constant-CERT_FIELD_ENC_PROTOCOL
BSV::Auth::Certificate.initialize,Method,BSV/Auth/Certificate.md#method-i-initialize
BSV::Auth::Certificate.sign,Method,BSV/Auth/Certificate.md#method-i-sign
BSV::Auth::Certificate.to_binary,Method,BSV/Auth/Certificate.md#method-i-to_binary
BSV::Auth::Certificate.to_h,Method,BSV/Auth/Certificate.md#method-i-to_h
BSV::Auth::Certificate.verify,Method,BSV/Auth/Certificate.md#method-i-verify
BSV::Auth::Certificate.certificate_field_encryption_details,Method,BSV/Auth/Certificate.md#method-c-certificate_field_encryption_details
BSV::Auth::Certificate.from_binary,Method,BSV/Auth/Certificate.md#method-c-from_binary
BSV::Auth::Certificate.from_hash,Method,BSV/Auth/Certificate.md#method-c-from_hash
BSV::Auth::Certificate.certifier,Attribute,BSV/Auth/Certificate.md#attribute-i-certifier
BSV::Auth::Certificate.fields,Attribute,BSV/Auth/Certificate.md#attribute-i-fields
BSV::Auth::Certificate.revocation_outpoint,Attribute,BSV/Auth/Certificate.md#attribute-i-revocation_outpoint
BSV::Auth::Certificate.serial_number,Attribute,BSV/Auth/Certificate.md#attribute-i-serial_number
BSV::Auth::Certificate.signature,Attribute,BSV/Auth/Certificate.md#attribute-i-signature
BSV::Auth::Certificate.subject,Attribute,BSV/Auth/Certificate.md#attribute-i-subject
BSV::Auth::Certificate.type,Attribute,BSV/Auth/Certificate.md#attribute-i-type
BSV::Network::Protocol,Class,BSV/Network/Protocol.md
BSV::Network::Protocol.call,Method,BSV/Network/Protocol.md#method-i-call
BSV::Network::Protocol.default_call,Method,BSV/Network/Protocol.md#method-i-default_call
BSV::Network::Protocol.initialize,Method,BSV/Network/Protocol.md#method-i-initialize
BSV::Network::Protocol.commands,Method,BSV/Network/Protocol.md#method-c-commands
BSV::Network::Protocol.endpoint,Method,BSV/Network/Protocol.md#method-c-endpoint
BSV::Network::Protocol.endpoints,Method,BSV/Network/Protocol.md#method-c-endpoints
BSV::Network::Protocol.inherited,Method,BSV/Network/Protocol.md#method-c-inherited
BSV::Network::Protocol.subscription,Method,BSV/Network/Protocol.md#method-c-subscription
BSV::Network::Protocol.subscriptions,Method,BSV/Network/Protocol.md#method-c-subscriptions
BSV::Network::Protocol.api_key,Attribute,BSV/Network/Protocol.md#attribute-i-api_key
BSV::Network::Protocol.auth,Attribute,BSV/Network/Protocol.md#attribute-i-auth
BSV::Network::Protocol.base_url,Attribute,BSV/Network/Protocol.md#attribute-i-base_url
BSV::Network::Protocol.http_client,Attribute,BSV/Network/Protocol.md#attribute-i-http_client
BSV::Network::Protocol.network,Attribute,BSV/Network/Protocol.md#attribute-i-network
BSV::Network::Provider,Class,BSV/Network/Provider.md
BSV::Network::Provider.authenticated?,Method,BSV/Network/Provider.md#method-i-authenticated-3F
BSV::Network::Provider.call,Method,BSV/Network/Provider.md#method-i-call
BSV::Network::Provider.capability_matrix,Method,BSV/Network/Provider.md#method-i-capability_matrix
BSV::Network::Provider.commands,Method,BSV/Network/Provider.md#method-i-commands
BSV::Network::Provider.initialize,Method,BSV/Network/Provider.md#method-i-initialize
BSV::Network::Provider.protocol,Method,BSV/Network/Provider.md#method-i-protocol
BSV::Network::Provider.protocol_for,Method,BSV/Network/Provider.md#method-i-protocol_for
BSV::Network::Provider.protocols,Method,BSV/Network/Provider.md#method-i-protocols
BSV::Network::Provider.to_s,Method,BSV/Network/Provider.md#method-i-to_s
BSV::Network::Provider.auth,Attribute,BSV/Network/Provider.md#attribute-i-auth
BSV::Network::Provider.name,Attribute,BSV/Network/Provider.md#attribute-i-name
BSV::Network::Provider.rate_limit,Attribute,BSV/Network/Provider.md#attribute-i-rate_limit
BSV::Primitives::ECIES::DecryptionError,Class,BSV/Primitives/ECIES/DecryptionError.md
BSV::Transaction::Beef,Class,BSV/Transaction/Beef.md
BSV::Transaction::Beef.BEEF_V1,Constant,BSV/Transaction/Beef.md#constant-BEEF_V1
BSV::Transaction::Beef.BEEF_V2,Constant,BSV/Transaction/Beef.md#constant-BEEF_V2
BSV::Transaction::Beef.ATOMIC_BEEF,Constant,BSV/Transaction/Beef.md#constant-ATOMIC_BEEF
BSV::Transaction::Beef.FORMAT_RAW_TX,Constant,BSV/Transaction/Beef.md#constant-FORMAT_RAW_TX
BSV::Transaction::Beef.FORMAT_RAW_TX_AND_BUMP,Constant,BSV/Transaction/Beef.md#constant-FORMAT_RAW_TX_AND_BUMP
BSV::Transaction::Beef.FORMAT_TXID_ONLY,Constant,BSV/Transaction/Beef.md#constant-FORMAT_TXID_ONLY
BSV::Transaction::Beef.clone,Method,BSV/Transaction/Beef.md#method-i-clone
BSV::Transaction::Beef.find_atomic_transaction,Method,BSV/Transaction/Beef.md#method-i-find_atomic_transaction
BSV::Transaction::Beef.find_bump,Method,BSV/Transaction/Beef.md#method-i-find_bump
BSV::Transaction::Beef.find_transaction,Method,BSV/Transaction/Beef.md#method-i-find_transaction
BSV::Transaction::Beef.find_transaction_for_signing,Method,BSV/Transaction/Beef.md#method-i-find_transaction_for_signing
BSV::Transaction::Beef.initialize,Method,BSV/Transaction/Beef.md#method-i-initialize
BSV::Transaction::Beef.make_txid_only,Method,BSV/Transaction/Beef.md#method-i-make_txid_only
BSV::Transaction::Beef.merge,Method,BSV/Transaction/Beef.md#method-i-merge
BSV::Transaction::Beef.merge_bump,Method,BSV/Transaction/Beef.md#method-i-merge_bump
BSV::Transaction::Beef.merge_raw_tx,Method,BSV/Transaction/Beef.md#method-i-merge_raw_tx
BSV::Transaction::Beef.merge_transaction,Method,BSV/Transaction/Beef.md#method-i-merge_transaction
BSV::Transaction::Beef.merge_txid_only,Method,BSV/Transaction/Beef.md#method-i-merge_txid_only
BSV::Transaction::Beef.sort_transactions!,Method,BSV/Transaction/Beef.md#method-i-sort_transactions-21
BSV::Transaction::Beef.subject_dtxid,Method,BSV/Transaction/Beef.md#method-i-subject_dtxid
BSV::Transaction::Beef.to_atomic_binary,Method,BSV/Transaction/Beef.md#method-i-to_atomic_binary
BSV::Transaction::Beef.to_atomic_hex,Method,BSV/Transaction/Beef.md#method-i-to_atomic_hex
BSV::Transaction::Beef.to_binary,Method,BSV/Transaction/Beef.md#method-i-to_binary
BSV::Transaction::Beef.to_hex,Method,BSV/Transaction/Beef.md#method-i-to_hex
BSV::Transaction::Beef.trim_known_wtxids,Method,BSV/Transaction/Beef.md#method-i-trim_known_wtxids
BSV::Transaction::Beef.valid?,Method,BSV/Transaction/Beef.md#method-i-valid-3F
BSV::Transaction::Beef.valid_wtxids,Method,BSV/Transaction/Beef.md#method-i-valid_wtxids
BSV::Transaction::Beef.verify,Method,BSV/Transaction/Beef.md#method-i-verify
BSV::Transaction::Beef.from_binary,Method,BSV/Transaction/Beef.md#method-c-from_binary
BSV::Transaction::Beef.from_hex,Method,BSV/Transaction/Beef.md#method-c-from_hex
BSV::Transaction::Beef.bumps,Attribute,BSV/Transaction/Beef.md#attribute-i-bumps
BSV::Transaction::Beef.subject_wtxid,Attribute,BSV/Transaction/Beef.md#attribute-i-subject_wtxid
BSV::Transaction::Beef.transactions,Attribute,BSV/Transaction/Beef.md#attribute-i-transactions
BSV::Transaction::Beef.txs_not_valid,Attribute,BSV/Transaction/Beef.md#attribute-i-txs_not_valid
BSV::Transaction::Beef.version,Attribute,BSV/Transaction/Beef.md#attribute-i-version
BSV::Transaction::Beef::BeefTx,Class,BSV/Transaction/Beef/BeefTx.md
BSV::Transaction::Beef::BeefTx.dtxid,Method,BSV/Transaction/Beef/BeefTx.md#method-i-dtxid
BSV::Transaction::Beef::BeefTx.format_flag,Method,BSV/Transaction/Beef/BeefTx.md#method-i-format_flag
BSV::Transaction::Beef::BeefTx.initialize,Method,BSV/Transaction/Beef/BeefTx.md#method-i-initialize
BSV::Transaction::Beef::BeefTx.wtxid,Method,BSV/Transaction/Beef/BeefTx.md#method-i-wtxid
BSV::Transaction::Beef::RawTxEntry,Class,BSV/Transaction/Beef/RawTxEntry.md
BSV::Transaction::Beef::RawTxEntry.format_flag,Method,BSV/Transaction/Beef/RawTxEntry.md#method-i-format_flag
BSV::Transaction::Beef::RawTxEntry.initialize,Method,BSV/Transaction/Beef/RawTxEntry.md#method-i-initialize
BSV::Transaction::Beef::RawTxEntry.wtxid,Method,BSV/Transaction/Beef/RawTxEntry.md#method-i-wtxid
BSV::Transaction::Beef::RawTxEntry.transaction,Attribute,BSV/Transaction/Beef/RawTxEntry.md#attribute-i-transaction
BSV::Transaction::Beef::ProvenTxEntry,Class,BSV/Transaction/Beef/ProvenTxEntry.md
BSV::Transaction::Beef::ProvenTxEntry.format_flag,Method,BSV/Transaction/Beef/ProvenTxEntry.md#method-i-format_flag
BSV::Transaction::Beef::ProvenTxEntry.initialize,Method,BSV/Transaction/Beef/ProvenTxEntry.md#method-i-initialize
BSV::Transaction::Beef::ProvenTxEntry.wtxid,Method,BSV/Transaction/Beef/ProvenTxEntry.md#method-i-wtxid
BSV::Transaction::Beef::ProvenTxEntry.bump_index,Attribute,BSV/Transaction/Beef/ProvenTxEntry.md#attribute-i-bump_index
BSV::Transaction::Beef::ProvenTxEntry.transaction,Attribute,BSV/Transaction/Beef/ProvenTxEntry.md#attribute-i-transaction
BSV::Transaction::Beef::TxidOnlyEntry,Class,BSV/Transaction/Beef/TxidOnlyEntry.md
BSV::Transaction::Beef::TxidOnlyEntry.format_flag,Method,BSV/Transaction/Beef/TxidOnlyEntry.md#method-i-format_flag
BSV::Transaction::Beef::TxidOnlyEntry.initialize,Method,BSV/Transaction/Beef/TxidOnlyEntry.md#method-i-initialize
BSV::Transaction::Beef::TxidOnlyEntry.wtxid,Method,BSV/Transaction/Beef/TxidOnlyEntry.md#method-i-wtxid
BSV::Transaction::Beef::TxidOnlyEntry.known_wtxid,Attribute,BSV/Transaction/Beef/TxidOnlyEntry.md#attribute-i-known_wtxid
BSV::Auth::PeerSession,Class,BSV/Auth/PeerSession.md
BSV::Auth::PeerSession.authenticated?,Method,BSV/Auth/PeerSession.md#method-i-authenticated-3F
BSV::Auth::PeerSession.initialize,Method,BSV/Auth/PeerSession.md#method-i-initialize
BSV::Auth::PeerSession.certificates_required,Attribute,BSV/Auth/PeerSession.md#attribute-i-certificates_required
BSV::Auth::PeerSession.certificates_validated,Attribute,BSV/Auth/PeerSession.md#attribute-i-certificates_validated
BSV::Auth::PeerSession.is_authenticated,Attribute,BSV/Auth/PeerSession.md#attribute-i-is_authenticated
BSV::Auth::PeerSession.last_update,Attribute,BSV/Auth/PeerSession.md#attribute-i-last_update
BSV::Auth::PeerSession.peer_identity_key,Attribute,BSV/Auth/PeerSession.md#attribute-i-peer_identity_key
BSV::Auth::PeerSession.peer_nonce,Attribute,BSV/Auth/PeerSession.md#attribute-i-peer_nonce
BSV::Auth::PeerSession.session_nonce,Attribute,BSV/Auth/PeerSession.md#attribute-i-session_nonce
BSV::Overlay::Historian,Class,BSV/Overlay/Historian.md
BSV::Overlay::Historian.build_history,Method,BSV/Overlay/Historian.md#method-i-build_history
BSV::Overlay::Historian.initialize,Method,BSV/Overlay/Historian.md#method-i-initialize
BSV::Primitives::Base58::ChecksumError,Class,BSV/Primitives/Base58/ChecksumError.md
BSV::Transaction::P2PKH,Class,BSV/Transaction/P2PKH.md
BSV::Transaction::P2PKH.ESTIMATED_SCRIPT_LENGTH,Constant,BSV/Transaction/P2PKH.md#constant-ESTIMATED_SCRIPT_LENGTH
BSV::Transaction::P2PKH.estimated_length,Method,BSV/Transaction/P2PKH.md#method-i-estimated_length
BSV::Transaction::P2PKH.initialize,Method,BSV/Transaction/P2PKH.md#method-i-initialize
BSV::Transaction::P2PKH.sign,Method,BSV/Transaction/P2PKH.md#method-i-sign
BSV::Attest::Response,Class,BSV/Attest/Response.md
BSV::Attest::Response.hash_hex,Method,BSV/Attest/Response.md#method-i-hash_hex
BSV::Attest::Response.initialize,Method,BSV/Attest/Response.md#method-i-initialize
BSV::Attest::Response.hash,Attribute,BSV/Attest/Response.md#attribute-i-hash
BSV::Attest::Response.txid,Attribute,BSV/Attest/Response.md#attribute-i-txid
BSV::MCP::Tools::FetchTx,Class,BSV/MCP/Tools/FetchTx.md
BSV::MCP::Tools::FetchTx.call,Method,BSV/MCP/Tools/FetchTx.md#method-c-call
BSV::Primitives::Schnorr::Proof,Class,BSV/Primitives/Schnorr/Proof.md
BSV::Primitives::Schnorr::Proof.initialize,Method,BSV/Primitives/Schnorr/Proof.md#method-i-initialize
BSV::Primitives::Schnorr::Proof.from_binary,Method,BSV/Primitives/Schnorr/Proof.md#method-c-from_binary
BSV::Primitives::Schnorr::Proof.r,Attribute,BSV/Primitives/Schnorr/Proof.md#attribute-i-r
BSV::Primitives::Schnorr::Proof.s_prime,Attribute,BSV/Primitives/Schnorr/Proof.md#attribute-i-s_prime
BSV::Primitives::Schnorr::Proof.z,Attribute,BSV/Primitives/Schnorr/Proof.md#attribute-i-z
BSV::Storage::DownloadResult,Class,BSV/Storage/DownloadResult.md
BSV::Storage::DownloadResult.data,Attribute,BSV/Storage/DownloadResult.md#attribute-i-data
BSV::Storage::DownloadResult.mime_type,Attribute,BSV/Storage/DownloadResult.md#attribute-i-mime_type
BSV::Storage::Downloader,Class,BSV/Storage/Downloader.md
BSV::Storage::Downloader.download,Method,BSV/Storage/Downloader.md#method-i-download
BSV::Storage::Downloader.initialize,Method,BSV/Storage/Downloader.md#method-i-initialize
BSV::Storage::Downloader.resolve,Method,BSV/Storage/Downloader.md#method-i-resolve
BSV::MCP::Tools::DecodeTx,Class,BSV/MCP/Tools/DecodeTx.md
BSV::MCP::Tools::DecodeTx.call,Method,BSV/MCP/Tools/DecodeTx.md#method-c-call
BSV::Primitives::Mnemonic,Class,BSV/Primitives/Mnemonic.md
BSV::Primitives::Mnemonic.VALID_STRENGTHS,Constant,BSV/Primitives/Mnemonic.md#constant-VALID_STRENGTHS
BSV::Primitives::Mnemonic.PBKDF2_ITERATIONS,Constant,BSV/Primitives/Mnemonic.md#constant-PBKDF2_ITERATIONS
BSV::Primitives::Mnemonic.PBKDF2_KEY_LENGTH,Constant,BSV/Primitives/Mnemonic.md#constant-PBKDF2_KEY_LENGTH
BSV::Primitives::Mnemonic.ENGLISH_WORDLIST,Constant,BSV/Primitives/Mnemonic.md#constant-ENGLISH_WORDLIST
BSV::Primitives::Mnemonic.ENGLISH_WORD_MAP,Constant,BSV/Primitives/Mnemonic.md#constant-ENGLISH_WORD_MAP
BSV::Primitives::Mnemonic.==,Method,BSV/Primitives/Mnemonic.md#method-i--3D-3D
BSV::Primitives::Mnemonic.to_entropy,Method,BSV/Primitives/Mnemonic.md#method-i-to_entropy
BSV::Primitives::Mnemonic.to_extended_key,Method,BSV/Primitives/Mnemonic.md#method-i-to_extended_key
BSV::Primitives::Mnemonic.to_s,Method,BSV/Primitives/Mnemonic.md#method-i-to_s
BSV::Primitives::Mnemonic.to_seed,Method,BSV/Primitives/Mnemonic.md#method-i-to_seed
BSV::Primitives::Mnemonic.valid?,Method,BSV/Primitives/Mnemonic.md#method-i-valid-3F
BSV::Primitives::Mnemonic.from_entropy,Method,BSV/Primitives/Mnemonic.md#method-c-from_entropy
BSV::Primitives::Mnemonic.from_phrase,Method,BSV/Primitives/Mnemonic.md#method-c-from_phrase
BSV::Primitives::Mnemonic.generate,Method,BSV/Primitives/Mnemonic.md#method-c-generate
BSV::Primitives::Mnemonic.phrase,Attribute,BSV/Primitives/Mnemonic.md#attribute-i-phrase
BSV::Primitives::Mnemonic.words,Attribute,BSV/Primitives/Mnemonic.md#attribute-i-words
BSV::Wallet::ProtoWallet,Class,BSV/Wallet/ProtoWallet.md
BSV::Wallet::ProtoWallet.abort_action,Method,BSV/Wallet/ProtoWallet.md#method-i-abort_action
BSV::Wallet::ProtoWallet.acquire_certificate,Method,BSV/Wallet/ProtoWallet.md#method-i-acquire_certificate
BSV::Wallet::ProtoWallet.authenticated?,Method,BSV/Wallet/ProtoWallet.md#method-i-authenticated-3F
BSV::Wallet::ProtoWallet.create_action,Method,BSV/Wallet/ProtoWallet.md#method-i-create_action
BSV::Wallet::ProtoWallet.create_hmac,Method,BSV/Wallet/ProtoWallet.md#method-i-create_hmac
BSV::Wallet::ProtoWallet.create_signature,Method,BSV/Wallet/ProtoWallet.md#method-i-create_signature
BSV::Wallet::ProtoWallet.decrypt,Method,BSV/Wallet/ProtoWallet.md#method-i-decrypt
BSV::Wallet::ProtoWallet.discover_by_attributes,Method,BSV/Wallet/ProtoWallet.md#method-i-discover_by_attributes
BSV::Wallet::ProtoWallet.discover_by_identity_key,Method,BSV/Wallet/ProtoWallet.md#method-i-discover_by_identity_key
BSV::Wallet::ProtoWallet.encrypt,Method,BSV/Wallet/ProtoWallet.md#method-i-encrypt
BSV::Wallet::ProtoWallet.get_header_for_height,Method,BSV/Wallet/ProtoWallet.md#method-i-get_header_for_height
BSV::Wallet::ProtoWallet.get_height,Method,BSV/Wallet/ProtoWallet.md#method-i-get_height
BSV::Wallet::ProtoWallet.get_network,Method,BSV/Wallet/ProtoWallet.md#method-i-get_network
BSV::Wallet::ProtoWallet.get_public_key,Method,BSV/Wallet/ProtoWallet.md#method-i-get_public_key
BSV::Wallet::ProtoWallet.get_version,Method,BSV/Wallet/ProtoWallet.md#method-i-get_version
BSV::Wallet::ProtoWallet.initialize,Method,BSV/Wallet/ProtoWallet.md#method-i-initialize
BSV::Wallet::ProtoWallet.internalize_action,Method,BSV/Wallet/ProtoWallet.md#method-i-internalize_action
BSV::Wallet::ProtoWallet.list_actions,Method,BSV/Wallet/ProtoWallet.md#method-i-list_actions
BSV::Wallet::ProtoWallet.list_certificates,Method,BSV/Wallet/ProtoWallet.md#method-i-list_certificates
BSV::Wallet::ProtoWallet.list_outputs,Method,BSV/Wallet/ProtoWallet.md#method-i-list_outputs
BSV::Wallet::ProtoWallet.prove_certificate,Method,BSV/Wallet/ProtoWallet.md#method-i-prove_certificate
BSV::Wallet::ProtoWallet.relinquish_certificate,Method,BSV/Wallet/ProtoWallet.md#method-i-relinquish_certificate
BSV::Wallet::ProtoWallet.relinquish_output,Method,BSV/Wallet/ProtoWallet.md#method-i-relinquish_output
BSV::Wallet::ProtoWallet.reveal_counterparty_key_linkage,Method,BSV/Wallet/ProtoWallet.md#method-i-reveal_counterparty_key_linkage
BSV::Wallet::ProtoWallet.reveal_specific_key_linkage,Method,BSV/Wallet/ProtoWallet.md#method-i-reveal_specific_key_linkage
BSV::Wallet::ProtoWallet.sign_action,Method,BSV/Wallet/ProtoWallet.md#method-i-sign_action
BSV::Wallet::ProtoWallet.verify_hmac,Method,BSV/Wallet/ProtoWallet.md#method-i-verify_hmac
BSV::Wallet::ProtoWallet.verify_signature,Method,BSV/Wallet/ProtoWallet.md#method-i-verify_signature
BSV::Wallet::ProtoWallet.wait_for_authentication,Method,BSV/Wallet/ProtoWallet.md#method-i-wait_for_authentication
BSV::Auth::AuthMiddleware,Class,BSV/Auth/AuthMiddleware.md
BSV::Auth::AuthMiddleware.RACK_INPUT,Constant,BSV/Auth/AuthMiddleware.md#constant-RACK_INPUT
BSV::Auth::AuthMiddleware.REQUEST_METHOD,Constant,BSV/Auth/AuthMiddleware.md#constant-REQUEST_METHOD
BSV::Auth::AuthMiddleware.PATH_INFO,Constant,BSV/Auth/AuthMiddleware.md#constant-PATH_INFO
BSV::Auth::AuthMiddleware.QUERY_STRING,Constant,BSV/Auth/AuthMiddleware.md#constant-QUERY_STRING
BSV::Auth::AuthMiddleware.AUTH_ENDPOINT,Constant,BSV/Auth/AuthMiddleware.md#constant-AUTH_ENDPOINT
BSV::Auth::AuthMiddleware.HTTP_PREFIX,Constant,BSV/Auth/AuthMiddleware.md#constant-HTTP_PREFIX
BSV::Auth::AuthMiddleware.call,Method,BSV/Auth/AuthMiddleware.md#method-i-call
BSV::Auth::AuthMiddleware.initialize,Method,BSV/Auth/AuthMiddleware.md#method-i-initialize
BSV::Auth::SessionManager,Class,BSV/Auth/SessionManager.md
BSV::Auth::SessionManager.add_session,Method,BSV/Auth/SessionManager.md#method-i-add_session
BSV::Auth::SessionManager.get_session,Method,BSV/Auth/SessionManager.md#method-i-get_session
BSV::Auth::SessionManager.initialize,Method,BSV/Auth/SessionManager.md#method-i-initialize
BSV::Auth::SessionManager.remove_session,Method,BSV/Auth/SessionManager.md#method-i-remove_session
BSV::Auth::SessionManager.session?,Method,BSV/Auth/SessionManager.md#method-i-session-3F
BSV::Auth::SessionManager.sweep_expired,Method,BSV/Auth/SessionManager.md#method-i-sweep_expired
BSV::Auth::SessionManager.update_session,Method,BSV/Auth/SessionManager.md#method-i-update_session
BSV::Primitives::Ripemd160,Class,BSV/Primitives/Ripemd160.md
BSV::Primitives::Ripemd160.IV,Constant,BSV/Primitives/Ripemd160.md#constant-IV
BSV::Primitives::Ripemd160.MASK32,Constant,BSV/Primitives/Ripemd160.md#constant-MASK32
BSV::Primitives::Ripemd160.RL,Constant,BSV/Primitives/Ripemd160.md#constant-RL
BSV::Primitives::Ripemd160.RR,Constant,BSV/Primitives/Ripemd160.md#constant-RR
BSV::Primitives::Ripemd160.SL,Constant,BSV/Primitives/Ripemd160.md#constant-SL
BSV::Primitives::Ripemd160.SR,Constant,BSV/Primitives/Ripemd160.md#constant-SR
BSV::Primitives::Ripemd160.KL,Constant,BSV/Primitives/Ripemd160.md#constant-KL
BSV::Primitives::Ripemd160.KR,Constant,BSV/Primitives/Ripemd160.md#constant-KR
BSV::Primitives::Ripemd160.digest,Method,BSV/Primitives/Ripemd160.md#method-i-digest
BSV::Primitives::Ripemd160.initialize,Method,BSV/Primitives/Ripemd160.md#method-i-initialize
BSV::Primitives::Ripemd160.digest,Method,BSV/Primitives/Ripemd160.md#method-c-digest
BSV::Primitives::Signature,Class,BSV/Primitives/Signature.md
BSV::Primitives::Signature.==,Method,BSV/Primitives/Signature.md#method-i--3D-3D
BSV::Primitives::Signature.initialize,Method,BSV/Primitives/Signature.md#method-i-initialize
BSV::Primitives::Signature.low_s?,Method,BSV/Primitives/Signature.md#method-i-low_s-3F
BSV::Primitives::Signature.to_der,Method,BSV/Primitives/Signature.md#method-i-to_der
BSV::Primitives::Signature.to_hex,Method,BSV/Primitives/Signature.md#method-i-to_hex
BSV::Primitives::Signature.to_low_s,Method,BSV/Primitives/Signature.md#method-i-to_low_s
BSV::Primitives::Signature.from_der,Method,BSV/Primitives/Signature.md#method-c-from_der
BSV::Primitives::Signature.from_hex,Method,BSV/Primitives/Signature.md#method-c-from_hex
BSV::Primitives::Signature.r,Attribute,BSV/Primitives/Signature.md#attribute-i-r
BSV::Primitives::Signature.s,Attribute,BSV/Primitives/Signature.md#attribute-i-s
BSV::MCP::Tools::FetchUtxos,Class,BSV/MCP/Tools/FetchUtxos.md
BSV::MCP::Tools::FetchUtxos.call,Method,BSV/MCP/Tools/FetchUtxos.md#method-c-call
BSV::Network::Protocols::ARC,Class,BSV/Network/Protocols/ARC.md
BSV::Network::Protocols::ARC.REJECTED_STATUSES,Constant,BSV/Network/Protocols/ARC.md#constant-REJECTED_STATUSES
BSV::Network::Protocols::ARC.ORPHAN_MARKER,Constant,BSV/Network/Protocols/ARC.md#constant-ORPHAN_MARKER
BSV::Network::Protocols::ARC.initialize,Method,BSV/Network/Protocols/ARC.md#method-i-initialize
BSV::Primitives::KeyShares,Class,BSV/Primitives/KeyShares.md
BSV::Primitives::KeyShares.initialize,Method,BSV/Primitives/KeyShares.md#method-i-initialize
BSV::Primitives::KeyShares.to_backup_format,Method,BSV/Primitives/KeyShares.md#method-i-to_backup_format
BSV::Primitives::KeyShares.from_backup_format,Method,BSV/Primitives/KeyShares.md#method-c-from_backup_format
BSV::Primitives::KeyShares.integrity,Attribute,BSV/Primitives/KeyShares.md#attribute-i-integrity
BSV::Primitives::KeyShares.points,Attribute,BSV/Primitives/KeyShares.md#attribute-i-points
BSV::Primitives::KeyShares.threshold,Attribute,BSV/Primitives/KeyShares.md#attribute-i-threshold
BSV::Primitives::Polynomial,Class,BSV/Primitives/Polynomial.md
BSV::Primitives::Polynomial.P,Constant,BSV/Primitives/Polynomial.md#constant-P
BSV::Primitives::Polynomial.initialize,Method,BSV/Primitives/Polynomial.md#method-i-initialize
BSV::Primitives::Polynomial.value_at,Method,BSV/Primitives/Polynomial.md#method-i-value_at
BSV::Primitives::Polynomial.from_private_key,Method,BSV/Primitives/Polynomial.md#method-c-from_private_key
BSV::Primitives::Polynomial.points,Attribute,BSV/Primitives/Polynomial.md#attribute-i-points
BSV::Primitives::Polynomial.threshold,Attribute,BSV/Primitives/Polynomial.md#attribute-i-threshold
BSV::Primitives::PublicKey,Class,BSV/Primitives/PublicKey.md
BSV::Primitives::PublicKey.MAINNET_PUBKEY_HASH,Constant,BSV/Primitives/PublicKey.md#constant-MAINNET_PUBKEY_HASH
BSV::Primitives::PublicKey.TESTNET_PUBKEY_HASH,Constant,BSV/Primitives/PublicKey.md#constant-TESTNET_PUBKEY_HASH
BSV::Primitives::PublicKey.==,Method,BSV/Primitives/PublicKey.md#method-i--3D-3D
BSV::Primitives::PublicKey.address,Method,BSV/Primitives/PublicKey.md#method-i-address
BSV::Primitives::PublicKey.compressed,Method,BSV/Primitives/PublicKey.md#method-i-compressed
BSV::Primitives::PublicKey.derive_child,Method,BSV/Primitives/PublicKey.md#method-i-derive_child
BSV::Primitives::PublicKey.derive_shared_secret,Method,BSV/Primitives/PublicKey.md#method-i-derive_shared_secret
BSV::Primitives::PublicKey.hash160,Method,BSV/Primitives/PublicKey.md#method-i-hash160
BSV::Primitives::PublicKey.initialize,Method,BSV/Primitives/PublicKey.md#method-i-initialize
BSV::Primitives::PublicKey.to_hex,Method,BSV/Primitives/PublicKey.md#method-i-to_hex
BSV::Primitives::PublicKey.uncompressed,Method,BSV/Primitives/PublicKey.md#method-i-uncompressed
BSV::Primitives::PublicKey.verify,Method,BSV/Primitives/PublicKey.md#method-i-verify
BSV::Primitives::PublicKey.from_bytes,Method,BSV/Primitives/PublicKey.md#method-c-from_bytes
BSV::Primitives::PublicKey.from_hex,Method,BSV/Primitives/PublicKey.md#method-c-from_hex
BSV::Primitives::PublicKey.from_private_key,Method,BSV/Primitives/PublicKey.md#method-c-from_private_key
BSV::Primitives::PublicKey.point,Attribute,BSV/Primitives/PublicKey.md#attribute-i-point
BSV::Transaction::FeeModel,Class,BSV/Transaction/FeeModel.md
BSV::Transaction::FeeModel.compute_fee,Method,BSV/Transaction/FeeModel.md#method-i-compute_fee
BSV::MCP::Tools::GenerateKey,Class,BSV/MCP/Tools/GenerateKey.md
BSV::MCP::Tools::GenerateKey.call,Method,BSV/MCP/Tools/GenerateKey.md#method-c-call
BSV::Network::Providers::TAAL,Class,BSV/Network/Providers/TAAL.md
BSV::Network::Providers::TAAL.DEFAULT_RATE_LIMIT,Constant,BSV/Network/Providers/TAAL.md#constant-DEFAULT_RATE_LIMIT
BSV::Network::Providers::TAAL.default,Method,BSV/Network/Providers/TAAL.md#method-c-default
BSV::Network::Providers::TAAL.mainnet,Method,BSV/Network/Providers/TAAL.md#method-c-mainnet
BSV::Network::Providers::TAAL.testnet,Method,BSV/Network/Providers/TAAL.md#method-c-testnet
BSV::Primitives::PrivateKey,Class,BSV/Primitives/PrivateKey.md
BSV::Primitives::PrivateKey.MAINNET_PREFIX,Constant,BSV/Primitives/PrivateKey.md#constant-MAINNET_PREFIX
BSV::Primitives::PrivateKey.TESTNET_PREFIX,Constant,BSV/Primitives/PrivateKey.md#constant-TESTNET_PREFIX
BSV::Primitives::PrivateKey.derive_child,Method,BSV/Primitives/PrivateKey.md#method-i-derive_child
BSV::Primitives::PrivateKey.derive_shared_secret,Method,BSV/Primitives/PrivateKey.md#method-i-derive_shared_secret
BSV::Primitives::PrivateKey.initialize,Method,BSV/Primitives/PrivateKey.md#method-i-initialize
BSV::Primitives::PrivateKey.public_key,Method,BSV/Primitives/PrivateKey.md#method-i-public_key
BSV::Primitives::PrivateKey.sign,Method,BSV/Primitives/PrivateKey.md#method-i-sign
BSV::Primitives::PrivateKey.to_backup_shares,Method,BSV/Primitives/PrivateKey.md#method-i-to_backup_shares
BSV::Primitives::PrivateKey.to_bytes,Method,BSV/Primitives/PrivateKey.md#method-i-to_bytes
BSV::Primitives::PrivateKey.to_hex,Method,BSV/Primitives/PrivateKey.md#method-i-to_hex
BSV::Primitives::PrivateKey.to_key_shares,Method,BSV/Primitives/PrivateKey.md#method-i-to_key_shares
BSV::Primitives::PrivateKey.to_wif,Method,BSV/Primitives/PrivateKey.md#method-i-to_wif
BSV::Primitives::PrivateKey.from_backup_shares,Method,BSV/Primitives/PrivateKey.md#method-c-from_backup_shares
BSV::Primitives::PrivateKey.from_bytes,Method,BSV/Primitives/PrivateKey.md#method-c-from_bytes
BSV::Primitives::PrivateKey.from_hex,Method,BSV/Primitives/PrivateKey.md#method-c-from_hex
BSV::Primitives::PrivateKey.from_key_shares,Method,BSV/Primitives/PrivateKey.md#method-c-from_key_shares
BSV::Primitives::PrivateKey.from_wif,Method,BSV/Primitives/PrivateKey.md#method-c-from_wif
BSV::Primitives::PrivateKey.generate,Method,BSV/Primitives/PrivateKey.md#method-c-generate
BSV::Primitives::PrivateKey.bn,Attribute,BSV/Primitives/PrivateKey.md#attribute-i-bn
BSV::Transaction::BeefParty,Class,BSV/Transaction/BeefParty.md
BSV::Transaction::BeefParty.add_known_wtxids_for_party,Method,BSV/Transaction/BeefParty.md#method-i-add_known_wtxids_for_party
BSV::Transaction::BeefParty.add_party,Method,BSV/Transaction/BeefParty.md#method-i-add_party
BSV::Transaction::BeefParty.initialize,Method,BSV/Transaction/BeefParty.md#method-i-initialize
BSV::Transaction::BeefParty.known_wtxids_for_party,Method,BSV/Transaction/BeefParty.md#method-i-known_wtxids_for_party
BSV::Transaction::BeefParty.merge_beef_from_party,Method,BSV/Transaction/BeefParty.md#method-i-merge_beef_from_party
BSV::Transaction::BeefParty.party?,Method,BSV/Transaction/BeefParty.md#method-i-party-3F
BSV::Transaction::BeefParty.trimmed_beef_for_party,Method,BSV/Transaction/BeefParty.md#method-i-trimmed_beef_for_party
BSV::Attest::Configuration,Class,BSV/Attest/Configuration.md
BSV::Attest::Configuration.provider,Attribute,BSV/Attest/Configuration.md#attribute-i-provider
BSV::Attest::Configuration.wallet,Attribute,BSV/Attest/Configuration.md#attribute-i-wallet
BSV::Auth::MasterCertificate,Class,BSV/Auth/MasterCertificate.md
BSV::Auth::MasterCertificate.initialize,Method,BSV/Auth/MasterCertificate.md#method-i-initialize
BSV::Auth::MasterCertificate.to_h,Method,BSV/Auth/MasterCertificate.md#method-i-to_h
BSV::Auth::MasterCertificate.create_certificate_fields,Method,BSV/Auth/MasterCertificate.md#method-c-create_certificate_fields
BSV::Auth::MasterCertificate.create_keyring_for_verifier,Method,BSV/Auth/MasterCertificate.md#method-c-create_keyring_for_verifier
BSV::Auth::MasterCertificate.decrypt_field,Method,BSV/Auth/MasterCertificate.md#method-c-decrypt_field
BSV::Auth::MasterCertificate.decrypt_fields,Method,BSV/Auth/MasterCertificate.md#method-c-decrypt_fields
BSV::Auth::MasterCertificate.from_hash,Method,BSV/Auth/MasterCertificate.md#method-c-from_hash
BSV::Auth::MasterCertificate.issue_certificate_for_subject,Method,BSV/Auth/MasterCertificate.md#method-c-issue_certificate_for_subject
BSV::Auth::MasterCertificate.master_keyring,Attribute,BSV/Auth/MasterCertificate.md#attribute-i-master_keyring
BSV::MCP::Tools::CheckBalance,Class,BSV/MCP/Tools/CheckBalance.md
BSV::MCP::Tools::CheckBalance.call,Method,BSV/MCP/Tools/CheckBalance.md#method-c-call
BSV::Overlay::LookupResolver,Class,BSV/Overlay/LookupResolver.md
BSV::Overlay::LookupResolver.QUERY_GRACE_SECONDS,Constant,BSV/Overlay/LookupResolver.md#constant-QUERY_GRACE_SECONDS
BSV::Overlay::LookupResolver.SLAP_TRACKER_TIMEOUT,Constant,BSV/Overlay/LookupResolver.md#constant-SLAP_TRACKER_TIMEOUT
BSV::Overlay::LookupResolver.find_competent_hosts,Method,BSV/Overlay/LookupResolver.md#method-i-find_competent_hosts
BSV::Overlay::LookupResolver.initialize,Method,BSV/Overlay/LookupResolver.md#method-i-initialize
BSV::Overlay::LookupResolver.query,Method,BSV/Overlay/LookupResolver.md#method-i-query
BSV::Primitives::ExtendedKey,Class,BSV/Primitives/ExtendedKey.md
BSV::Primitives::ExtendedKey.HARDENED,Constant,BSV/Primitives/ExtendedKey.md#constant-HARDENED
BSV::Primitives::ExtendedKey.VERSIONS,Constant,BSV/Primitives/ExtendedKey.md#constant-VERSIONS
BSV::Primitives::ExtendedKey.PRIVATE_VERSIONS,Constant,BSV/Primitives/ExtendedKey.md#constant-PRIVATE_VERSIONS
BSV::Primitives::ExtendedKey.PUBLIC_VERSIONS,Constant,BSV/Primitives/ExtendedKey.md#constant-PUBLIC_VERSIONS
BSV::Primitives::ExtendedKey.child,Method,BSV/Primitives/ExtendedKey.md#method-i-child
BSV::Primitives::ExtendedKey.derive_path,Method,BSV/Primitives/ExtendedKey.md#method-i-derive_path
BSV::Primitives::ExtendedKey.fingerprint,Method,BSV/Primitives/ExtendedKey.md#method-i-fingerprint
BSV::Primitives::ExtendedKey.identifier,Method,BSV/Primitives/ExtendedKey.md#method-i-identifier
BSV::Primitives::ExtendedKey.initialize,Method,BSV/Primitives/ExtendedKey.md#method-i-initialize
BSV::Primitives::ExtendedKey.neuter,Method,BSV/Primitives/ExtendedKey.md#method-i-neuter
BSV::Primitives::ExtendedKey.private?,Method,BSV/Primitives/ExtendedKey.md#method-i-private-3F
BSV::Primitives::ExtendedKey.private_key,Method,BSV/Primitives/ExtendedKey.md#method-i-private_key
BSV::Primitives::ExtendedKey.public?,Method,BSV/Primitives/ExtendedKey.md#method-i-public-3F
BSV::Primitives::ExtendedKey.public_key,Method,BSV/Primitives/ExtendedKey.md#method-i-public_key
BSV::Primitives::ExtendedKey.to_s,Method,BSV/Primitives/ExtendedKey.md#method-i-to_s
BSV::Primitives::ExtendedKey.from_seed,Method,BSV/Primitives/ExtendedKey.md#method-c-from_seed
BSV::Primitives::ExtendedKey.from_string,Method,BSV/Primitives/ExtendedKey.md#method-c-from_string
BSV::Primitives::ExtendedKey.chain_code,Attribute,BSV/Primitives/ExtendedKey.md#attribute-i-chain_code
BSV::Primitives::ExtendedKey.child_number,Attribute,BSV/Primitives/ExtendedKey.md#attribute-i-child_number
BSV::Primitives::ExtendedKey.depth,Attribute,BSV/Primitives/ExtendedKey.md#attribute-i-depth
BSV::Primitives::ExtendedKey.key,Attribute,BSV/Primitives/ExtendedKey.md#attribute-i-key
BSV::Primitives::ExtendedKey.parent_fingerprint,Attribute,BSV/Primitives/ExtendedKey.md#attribute-i-parent_fingerprint
BSV::Primitives::ExtendedKey.version,Attribute,BSV/Primitives/ExtendedKey.md#attribute-i-version
BSV::Transaction::MerklePath,Class,BSV/Transaction/MerklePath.md
BSV::Transaction::MerklePath.combine,Method,BSV/Transaction/MerklePath.md#method-i-combine
BSV::Transaction::MerklePath.compute_root,Method,BSV/Transaction/MerklePath.md#method-i-compute_root
BSV::Transaction::MerklePath.compute_root_hex,Method,BSV/Transaction/MerklePath.md#method-i-compute_root_hex
BSV::Transaction::MerklePath.extract,Method,BSV/Transaction/MerklePath.md#method-i-extract
BSV::Transaction::MerklePath.initialize,Method,BSV/Transaction/MerklePath.md#method-i-initialize
BSV::Transaction::MerklePath.initialize_copy,Method,BSV/Transaction/MerklePath.md#method-i-initialize_copy
BSV::Transaction::MerklePath.to_binary,Method,BSV/Transaction/MerklePath.md#method-i-to_binary
BSV::Transaction::MerklePath.to_hex,Method,BSV/Transaction/MerklePath.md#method-i-to_hex
BSV::Transaction::MerklePath.trim,Method,BSV/Transaction/MerklePath.md#method-i-trim
BSV::Transaction::MerklePath.verify,Method,BSV/Transaction/MerklePath.md#method-i-verify
BSV::Transaction::MerklePath.from_binary,Method,BSV/Transaction/MerklePath.md#method-c-from_binary
BSV::Transaction::MerklePath.from_hex,Method,BSV/Transaction/MerklePath.md#method-c-from_hex
BSV::Transaction::MerklePath.from_tsc,Method,BSV/Transaction/MerklePath.md#method-c-from_tsc
BSV::Transaction::MerklePath.merkle_tree_parent,Method,BSV/Transaction/MerklePath.md#method-c-merkle_tree_parent
BSV::Transaction::MerklePath.block_height,Attribute,BSV/Transaction/MerklePath.md#attribute-i-block_height
BSV::Transaction::MerklePath.path,Attribute,BSV/Transaction/MerklePath.md#attribute-i-path
BSV::Transaction::MerklePath::PathElement,Class,BSV/Transaction/MerklePath/PathElement.md
BSV::Transaction::MerklePath::PathElement.initialize,Method,BSV/Transaction/MerklePath/PathElement.md#method-i-initialize
BSV::Transaction::MerklePath::PathElement.duplicate,Attribute,BSV/Transaction/MerklePath/PathElement.md#attribute-i-duplicate
BSV::Transaction::MerklePath::PathElement.hash,Attribute,BSV/Transaction/MerklePath/PathElement.md#attribute-i-hash
BSV::Transaction::MerklePath::PathElement.offset,Attribute,BSV/Transaction/MerklePath/PathElement.md#attribute-i-offset
BSV::Transaction::MerklePath::PathElement.txid,Attribute,BSV/Transaction/MerklePath/PathElement.md#attribute-i-txid
BSV::Network::Protocols::Arcade,Class,BSV/Network/Protocols/Arcade.md
BSV::Network::Protocols::Arcade.REJECTED_STATUSES,Constant,BSV/Network/Protocols/Arcade.md#constant-REJECTED_STATUSES
BSV::Network::Protocols::Arcade.initialize,Method,BSV/Network/Protocols/Arcade.md#method-i-initialize
BSV::Primitives::SymmetricKey,Class,BSV/Primitives/SymmetricKey.md
BSV::Primitives::SymmetricKey.IV_SIZE,Constant,BSV/Primitives/SymmetricKey.md#constant-IV_SIZE
BSV::Primitives::SymmetricKey.TAG_SIZE,Constant,BSV/Primitives/SymmetricKey.md#constant-TAG_SIZE
BSV::Primitives::SymmetricKey.KEY_SIZE,Constant,BSV/Primitives/SymmetricKey.md#constant-KEY_SIZE
BSV::Primitives::SymmetricKey.decrypt,Method,BSV/Primitives/SymmetricKey.md#method-i-decrypt
BSV::Primitives::SymmetricKey.encrypt,Method,BSV/Primitives/SymmetricKey.md#method-i-encrypt
BSV::Primitives::SymmetricKey.initialize,Method,BSV/Primitives/SymmetricKey.md#method-i-initialize
BSV::Primitives::SymmetricKey.to_bytes,Method,BSV/Primitives/SymmetricKey.md#method-i-to_bytes
BSV::Primitives::SymmetricKey.from_ecdh,Method,BSV/Primitives/SymmetricKey.md#method-c-from_ecdh
BSV::Primitives::SymmetricKey.from_random,Method,BSV/Primitives/SymmetricKey.md#method-c-from_random
BSV::Script::ScriptError,Class,BSV/Script/ScriptError.md
BSV::Script::ScriptError.initialize,Method,BSV/Script/ScriptError.md#method-i-initialize
BSV::Script::ScriptError.code,Attribute,BSV/Script/ScriptError.md#attribute-i-code
BSV::Script::Stack,Class,BSV/Script/Stack.md
BSV::Script::Stack.MAX_MEMORY_BYTES,Constant,BSV/Script/Stack.md#constant-MAX_MEMORY_BYTES
BSV::Script::Stack.clear,Method,BSV/Script/Stack.md#method-i-clear
BSV::Script::Stack.depth,Method,BSV/Script/Stack.md#method-i-depth
BSV::Script::Stack.drop_n,Method,BSV/Script/Stack.md#method-i-drop_n
BSV::Script::Stack.dup_n,Method,BSV/Script/Stack.md#method-i-dup_n
BSV::Script::Stack.empty?,Method,BSV/Script/Stack.md#method-i-empty-3F
BSV::Script::Stack.initialize,Method,BSV/Script/Stack.md#method-i-initialize
BSV::Script::Stack.nip_n,Method,BSV/Script/Stack.md#method-i-nip_n
BSV::Script::Stack.over_n,Method,BSV/Script/Stack.md#method-i-over_n
BSV::Script::Stack.peek_bool,Method,BSV/Script/Stack.md#method-i-peek_bool
BSV::Script::Stack.peek_bytes,Method,BSV/Script/Stack.md#method-i-peek_bytes
BSV::Script::Stack.peek_int,Method,BSV/Script/Stack.md#method-i-peek_int
BSV::Script::Stack.pick_n,Method,BSV/Script/Stack.md#method-i-pick_n
BSV::Script::Stack.pop_bool,Method,BSV/Script/Stack.md#method-i-pop_bool
BSV::Script::Stack.pop_bytes,Method,BSV/Script/Stack.md#method-i-pop_bytes
BSV::Script::Stack.pop_int,Method,BSV/Script/Stack.md#method-i-pop_int
BSV::Script::Stack.push_bool,Method,BSV/Script/Stack.md#method-i-push_bool
BSV::Script::Stack.push_bytes,Method,BSV/Script/Stack.md#method-i-push_bytes
BSV::Script::Stack.push_int,Method,BSV/Script/Stack.md#method-i-push_int
BSV::Script::Stack.roll_n,Method,BSV/Script/Stack.md#method-i-roll_n
BSV::Script::Stack.rot_n,Method,BSV/Script/Stack.md#method-i-rot_n
BSV::Script::Stack.swap_n,Method,BSV/Script/Stack.md#method-i-swap_n
BSV::Script::Stack.to_a,Method,BSV/Script/Stack.md#method-i-to_a
BSV::Script::Stack.tuck,Method,BSV/Script/Stack.md#method-i-tuck
BSV::Script::Stack.cast_bool,Method,BSV/Script/Stack.md#method-c-cast_bool
BSV::Attest::BroadcastError,Class,BSV/Attest/BroadcastError.md
BSV::MCP::Tools::BroadcastP2pkh,Class,BSV/MCP/Tools/BroadcastP2pkh.md
BSV::MCP::Tools::BroadcastP2pkh.DUST_THRESHOLD,Constant,BSV/MCP/Tools/BroadcastP2pkh.md#constant-DUST_THRESHOLD
BSV::MCP::Tools::BroadcastP2pkh.call,Method,BSV/MCP/Tools/BroadcastP2pkh.md#method-c-call
BSV::Network::ProtocolResponse,Class,BSV/Network/ProtocolResponse.md
BSV::Network::ProtocolResponse.body,Method,BSV/Network/ProtocolResponse.md#method-i-body
BSV::Network::ProtocolResponse.canonical,Method,BSV/Network/ProtocolResponse.md#method-i-canonical
BSV::Network::ProtocolResponse.code,Method,BSV/Network/ProtocolResponse.md#method-i-code
BSV::Network::ProtocolResponse.content_type,Method,BSV/Network/ProtocolResponse.md#method-i-content_type
BSV::Network::ProtocolResponse.http_not_found?,Method,BSV/Network/ProtocolResponse.md#method-i-http_not_found-3F
BSV::Network::ProtocolResponse.http_success?,Method,BSV/Network/ProtocolResponse.md#method-i-http_success-3F
BSV::Network::ProtocolResponse.initialize,Method,BSV/Network/ProtocolResponse.md#method-i-initialize
BSV::Network::ProtocolResponse.retryable?,Method,BSV/Network/ProtocolResponse.md#method-i-retryable-3F
BSV::Network::ProtocolResponse.with,Method,BSV/Network/ProtocolResponse.md#method-i-with
BSV::Network::ProtocolResponse.data,Attribute,BSV/Network/ProtocolResponse.md#attribute-i-data
BSV::Network::ProtocolResponse.error_message,Attribute,BSV/Network/ProtocolResponse.md#attribute-i-error_message
BSV::Overlay::TopicBroadcaster,Class,BSV/Overlay/TopicBroadcaster.md
BSV::Overlay::TopicBroadcaster.SHIP_CACHE_TTL,Constant,BSV/Overlay/TopicBroadcaster.md#constant-SHIP_CACHE_TTL
BSV::Overlay::TopicBroadcaster.broadcast,Method,BSV/Overlay/TopicBroadcaster.md#method-i-broadcast
BSV::Overlay::TopicBroadcaster.find_interested_hosts,Method,BSV/Overlay/TopicBroadcaster.md#method-i-find_interested_hosts
BSV::Overlay::TopicBroadcaster.initialize,Method,BSV/Overlay/TopicBroadcaster.md#method-i-initialize
BSV::Script::PushDropTemplate,Class,BSV/Script/PushDropTemplate.md
BSV::Script::PushDropTemplate.GENERATOR_PUBKEY_HEX,Constant,BSV/Script/PushDropTemplate.md#constant-GENERATOR_PUBKEY_HEX
BSV::Script::PushDropTemplate.initialize,Method,BSV/Script/PushDropTemplate.md#method-i-initialize
BSV::Script::PushDropTemplate.lock,Method,BSV/Script/PushDropTemplate.md#method-i-lock
BSV::Script::PushDropTemplate.unlock,Method,BSV/Script/PushDropTemplate.md#method-i-unlock
BSV::Script::PushDropTemplate::Unlocker,Class,BSV/Script/PushDropTemplate/Unlocker.md
BSV::Script::PushDropTemplate::Unlocker.ESTIMATED_LENGTH,Constant,BSV/Script/PushDropTemplate/Unlocker.md#constant-ESTIMATED_LENGTH
BSV::Script::PushDropTemplate::Unlocker.estimated_length,Method,BSV/Script/PushDropTemplate/Unlocker.md#method-i-estimated_length
BSV::Script::PushDropTemplate::Unlocker.initialize,Method,BSV/Script/PushDropTemplate/Unlocker.md#method-i-initialize
BSV::Script::PushDropTemplate::Unlocker.sign,Method,BSV/Script/PushDropTemplate/Unlocker.md#method-i-sign
BSV::Transaction::ChainTracker,Class,BSV/Transaction/ChainTracker.md
BSV::Transaction::ChainTracker.current_height,Method,BSV/Transaction/ChainTracker.md#method-i-current_height
BSV::Transaction::ChainTracker.initialize,Method,BSV/Transaction/ChainTracker.md#method-i-initialize
BSV::Transaction::ChainTracker.valid_root_for_height?,Method,BSV/Transaction/ChainTracker.md#method-i-valid_root_for_height-3F
BSV::Transaction::ChainTracker.default,Method,BSV/Transaction/ChainTracker.md#method-c-default
BSV::Transaction::ChainTracker.provider,Attribute,BSV/Transaction/ChainTracker.md#attribute-i-provider
BSV::Wallet::Wire::Writer,Class,BSV/Wallet/Wire/Writer.md
BSV::Wallet::Wire::Writer.initialize,Method,BSV/Wallet/Wire/Writer.md#method-i-initialize
BSV::Wallet::Wire::Writer.write_byte,Method,BSV/Wallet/Wire/Writer.md#method-i-write_byte
BSV::Wallet::Wire::Writer.write_bytes,Method,BSV/Wallet/Wire/Writer.md#method-i-write_bytes
BSV::Wallet::Wire::Writer.write_int_bytes,Method,BSV/Wallet/Wire/Writer.md#method-i-write_int_bytes
BSV::Wallet::Wire::Writer.write_int_from_base64,Method,BSV/Wallet/Wire/Writer.md#method-i-write_int_from_base64
BSV::Wallet::Wire::Writer.write_negative_one,Method,BSV/Wallet/Wire/Writer.md#method-i-write_negative_one
BSV::Wallet::Wire::Writer.write_optional_bool,Method,BSV/Wallet/Wire/Writer.md#method-i-write_optional_bool
BSV::Wallet::Wire::Writer.write_optional_bytes_with_flag,Method,BSV/Wallet/Wire/Writer.md#method-i-write_optional_bytes_with_flag
BSV::Wallet::Wire::Writer.write_optional_string,Method,BSV/Wallet/Wire/Writer.md#method-i-write_optional_string
BSV::Wallet::Wire::Writer.write_optional_uint32,Method,BSV/Wallet/Wire/Writer.md#method-i-write_optional_uint32
BSV::Wallet::Wire::Writer.write_outpoint,Method,BSV/Wallet/Wire/Writer.md#method-i-write_outpoint
BSV::Wallet::Wire::Writer.write_privileged_params,Method,BSV/Wallet/Wire/Writer.md#method-i-write_privileged_params
BSV::Wallet::Wire::Writer.write_satoshis,Method,BSV/Wallet/Wire/Writer.md#method-i-write_satoshis
BSV::Wallet::Wire::Writer.write_str_with_varint_len,Method,BSV/Wallet/Wire/Writer.md#method-i-write_str_with_varint_len
BSV::Wallet::Wire::Writer.write_string,Method,BSV/Wallet/Wire/Writer.md#method-i-write_string
BSV::Wallet::Wire::Writer.write_string_map,Method,BSV/Wallet/Wire/Writer.md#method-i-write_string_map
BSV::Wallet::Wire::Writer.write_string_slice,Method,BSV/Wallet/Wire/Writer.md#method-i-write_string_slice
BSV::Wallet::Wire::Writer.write_txid_slice,Method,BSV/Wallet/Wire/Writer.md#method-i-write_txid_slice
BSV::Wallet::Wire::Writer.write_varint,Method,BSV/Wallet/Wire/Writer.md#method-i-write_varint
BSV::Wallet::Wire::Writer.buf,Attribute,BSV/Wallet/Wire/Writer.md#attribute-i-buf
BSV::Wallet::Wire::Reader,Class,BSV/Wallet/Wire/Reader.md
BSV::Wallet::Wire::Reader.initialize,Method,BSV/Wallet/Wire/Reader.md#method-i-initialize
BSV::Wallet::Wire::Reader.next_negative_one?,Method,BSV/Wallet/Wire/Reader.md#method-i-next_negative_one-3F
BSV::Wallet::Wire::Reader.peek_byte,Method,BSV/Wallet/Wire/Reader.md#method-i-peek_byte
BSV::Wallet::Wire::Reader.read_base64_int,Method,BSV/Wallet/Wire/Reader.md#method-i-read_base64_int
BSV::Wallet::Wire::Reader.read_byte,Method,BSV/Wallet/Wire/Reader.md#method-i-read_byte
BSV::Wallet::Wire::Reader.read_bytes,Method,BSV/Wallet/Wire/Reader.md#method-i-read_bytes
BSV::Wallet::Wire::Reader.read_int_bytes,Method,BSV/Wallet/Wire/Reader.md#method-i-read_int_bytes
BSV::Wallet::Wire::Reader.read_optional_bool,Method,BSV/Wallet/Wire/Reader.md#method-i-read_optional_bool
BSV::Wallet::Wire::Reader.read_optional_bytes_with_flag,Method,BSV/Wallet/Wire/Reader.md#method-i-read_optional_bytes_with_flag
BSV::Wallet::Wire::Reader.read_optional_string,Method,BSV/Wallet/Wire/Reader.md#method-i-read_optional_string
BSV::Wallet::Wire::Reader.read_optional_uint32,Method,BSV/Wallet/Wire/Reader.md#method-i-read_optional_uint32
BSV::Wallet::Wire::Reader.read_outpoint,Method,BSV/Wallet/Wire/Reader.md#method-i-read_outpoint
BSV::Wallet::Wire::Reader.read_privileged_params,Method,BSV/Wallet/Wire/Reader.md#method-i-read_privileged_params
BSV::Wallet::Wire::Reader.read_remaining,Method,BSV/Wallet/Wire/Reader.md#method-i-read_remaining
BSV::Wallet::Wire::Reader.read_satoshis,Method,BSV/Wallet/Wire/Reader.md#method-i-read_satoshis
BSV::Wallet::Wire::Reader.read_str_with_varint_len,Method,BSV/Wallet/Wire/Reader.md#method-i-read_str_with_varint_len
BSV::Wallet::Wire::Reader.read_string,Method,BSV/Wallet/Wire/Reader.md#method-i-read_string
BSV::Wallet::Wire::Reader.read_string_map,Method,BSV/Wallet/Wire/Reader.md#method-i-read_string_map
BSV::Wallet::Wire::Reader.read_string_slice,Method,BSV/Wallet/Wire/Reader.md#method-i-read_string_slice
BSV::Wallet::Wire::Reader.read_txid_slice,Method,BSV/Wallet/Wire/Reader.md#method-i-read_txid_slice
BSV::Wallet::Wire::Reader.read_varint,Method,BSV/Wallet/Wire/Reader.md#method-i-read_varint
BSV::Wallet::Wire::Reader.remaining,Method,BSV/Wallet/Wire/Reader.md#method-i-remaining
BSV::Network::Protocols::Ordinals,Class,BSV/Network/Protocols/Ordinals.md
BSV::Network::Protocols::Ordinals.initialize,Method,BSV/Network/Protocols/Ordinals.md#method-i-initialize
BSV::Network::Protocols::WoCREST,Class,BSV/Network/Protocols/WoCREST.md
BSV::Network::Protocols::WoCREST.NETWORKS,Constant,BSV/Network/Protocols/WoCREST.md#constant-NETWORKS
BSV::Network::Protocols::WoCREST.initialize,Method,BSV/Network/Protocols/WoCREST.md#method-i-initialize
BSV::Network::Protocols::WoCREST.network_name,Attribute,BSV/Network/Protocols/WoCREST.md#attribute-i-network_name
BSV::Overlay::LookupFacilitator,Class,BSV/Overlay/LookupFacilitator.md
BSV::Overlay::LookupFacilitator.lookup,Method,BSV/Overlay/LookupFacilitator.md#method-i-lookup
BSV::Overlay::HTTPSLookupFacilitator,Class,BSV/Overlay/HTTPSLookupFacilitator.md
BSV::Overlay::HTTPSLookupFacilitator.initialize,Method,BSV/Overlay/HTTPSLookupFacilitator.md#method-i-initialize
BSV::Overlay::HTTPSLookupFacilitator.lookup,Method,BSV/Overlay/HTTPSLookupFacilitator.md#method-i-lookup
BSVShimECGroup,Class,BSVShimECGroup.md
BSVShimECGroup.curve_name,Method,BSVShimECGroup.md#method-i-curve_name
BSVShimECGroup.generator,Method,BSVShimECGroup.md#method-i-generator
BSVShimECGroup.initialize,Method,BSVShimECGroup.md#method-i-initialize
BSVShimECGroup.order,Method,BSVShimECGroup.md#method-i-order
BSVShimECPoint,Class,BSVShimECPoint.md
BSVShimECPoint.add,Method,BSVShimECPoint.md#method-i-add
BSVShimECPoint.infinity?,Method,BSVShimECPoint.md#method-i-infinity-3F
BSVShimECPoint.initialize,Method,BSVShimECPoint.md#method-i-initialize
BSVShimECPoint.mul,Method,BSVShimECPoint.md#method-i-mul
BSVShimECPoint.mul_ct,Method,BSVShimECPoint.md#method-i-mul_ct
BSVShimECPoint.mul_vt,Method,BSVShimECPoint.md#method-i-mul_vt
BSVShimECPoint.set_to_infinity!,Method,BSVShimECPoint.md#method-i-set_to_infinity-21
BSVShimECPoint.to_bn,Method,BSVShimECPoint.md#method-i-to_bn
BSVShimECPoint.to_octet_string,Method,BSVShimECPoint.md#method-i-to_octet_string
BSVShimECPoint.from_secp_point,Method,BSVShimECPoint.md#method-c-from_secp_point
BSVShimECPoint.group,Attribute,BSVShimECPoint.md#attribute-i-group
BSVShimECPoint::Error,Class,BSVShimECPoint/Error.md
BSVShimEC,Class,BSVShimEC.md
BSVShimEC.initialize,Method,BSVShimEC.md#method-i-initialize
BSVShimEC.public_key,Attribute,BSVShimEC.md#attribute-i-public_key
OpenSSL::PKey::EC,Class,OpenSSL/PKey/EC.md
OpenSSL::PKey::EC.Group,Constant,OpenSSL/PKey/EC.md#constant-Group
OpenSSL::PKey::EC.Point,Constant,OpenSSL/PKey/EC.md#constant-Point
BSV::Auth::VerifiableCertificate,Class,BSV/Auth/VerifiableCertificate.md
BSV::Auth::VerifiableCertificate.decrypt_fields,Method,BSV/Auth/VerifiableCertificate.md#method-i-decrypt_fields
BSV::Auth::VerifiableCertificate.initialize,Method,BSV/Auth/VerifiableCertificate.md#method-i-initialize
BSV::Auth::VerifiableCertificate.to_h,Method,BSV/Auth/VerifiableCertificate.md#method-i-to_h
BSV::Auth::VerifiableCertificate.from_certificate,Method,BSV/Auth/VerifiableCertificate.md#method-c-from_certificate
BSV::Auth::VerifiableCertificate.from_hash,Method,BSV/Auth/VerifiableCertificate.md#method-c-from_hash
BSV::Auth::VerifiableCertificate.decrypted_fields,Attribute,BSV/Auth/VerifiableCertificate.md#attribute-i-decrypted_fields
BSV::Auth::VerifiableCertificate.keyring,Attribute,BSV/Auth/VerifiableCertificate.md#attribute-i-keyring
BSV::Attest::VerificationError,Class,BSV/Attest/VerificationError.md
BSV::Network::Protocols::JungleBus,Class,BSV/Network/Protocols/JungleBus.md
BSV::Network::Protocols::JungleBus.initialize,Method,BSV/Network/Protocols/JungleBus.md#method-i-initialize
BSV::Overlay::AdminTokenTemplate,Class,BSV/Overlay/AdminTokenTemplate.md
BSV::Overlay::AdminTokenTemplate.VALID_PROTOCOLS,Constant,BSV/Overlay/AdminTokenTemplate.md#constant-VALID_PROTOCOLS
BSV::Overlay::AdminTokenTemplate.initialize,Method,BSV/Overlay/AdminTokenTemplate.md#method-i-initialize
BSV::Overlay::AdminTokenTemplate.lock,Method,BSV/Overlay/AdminTokenTemplate.md#method-i-lock
BSV::Overlay::AdminTokenTemplate.unlock,Method,BSV/Overlay/AdminTokenTemplate.md#method-i-unlock
BSV::Overlay::AdminTokenTemplate.decode,Method,BSV/Overlay/AdminTokenTemplate.md#method-c-decode
BSV::Overlay::AdminTokenTemplate::Advertisement,Class,BSV/Overlay/AdminTokenTemplate/Advertisement.md
BSV::Overlay::AdminTokenTemplate::Advertisement.initialize,Method,BSV/Overlay/AdminTokenTemplate/Advertisement.md#method-i-initialize
BSV::Overlay::AdminTokenTemplate::Advertisement.domain,Attribute,BSV/Overlay/AdminTokenTemplate/Advertisement.md#attribute-i-domain
BSV::Overlay::AdminTokenTemplate::Advertisement.identity_key,Attribute,BSV/Overlay/AdminTokenTemplate/Advertisement.md#attribute-i-identity_key
BSV::Overlay::AdminTokenTemplate::Advertisement.protocol,Attribute,BSV/Overlay/AdminTokenTemplate/Advertisement.md#attribute-i-protocol
BSV::Overlay::AdminTokenTemplate::Advertisement.topic_or_service,Attribute,BSV/Overlay/AdminTokenTemplate/Advertisement.md#attribute-i-topic_or_service
BSV::Overlay::AdminTokenTemplate::Unlocker,Class,BSV/Overlay/AdminTokenTemplate/Unlocker.md
BSV::Overlay::AdminTokenTemplate::Unlocker.ESTIMATED_LENGTH,Constant,BSV/Overlay/AdminTokenTemplate/Unlocker.md#constant-ESTIMATED_LENGTH
BSV::Overlay::AdminTokenTemplate::Unlocker.estimated_length,Method,BSV/Overlay/AdminTokenTemplate/Unlocker.md#method-i-estimated_length
BSV::Overlay::AdminTokenTemplate::Unlocker.initialize,Method,BSV/Overlay/AdminTokenTemplate/Unlocker.md#method-i-initialize
BSV::Overlay::AdminTokenTemplate::Unlocker.sign,Method,BSV/Overlay/AdminTokenTemplate/Unlocker.md#method-i-sign
BSV::Wallet::WalletWireProcessor,Class,BSV/Wallet/WalletWireProcessor.md
BSV::Wallet::WalletWireProcessor.initialize,Method,BSV/Wallet/WalletWireProcessor.md#method-i-initialize
BSV::Wallet::WalletWireProcessor.transmit_to_wallet,Method,BSV/Wallet/WalletWireProcessor.md#method-i-transmit_to_wallet
BSV::Network::Protocols::Chaintracks,Class,BSV/Network/Protocols/Chaintracks.md
BSV::Network::Protocols::Chaintracks.initialize,Method,BSV/Network/Protocols/Chaintracks.md#method-i-initialize
BSV::Network::Protocols::TAALBinary,Class,BSV/Network/Protocols/TAALBinary.md
BSV::Network::Protocols::TAALBinary.initialize,Method,BSV/Network/Protocols/TAALBinary.md#method-i-initialize
BSV::Overlay::BroadcastFacilitator,Class,BSV/Overlay/BroadcastFacilitator.md
BSV::Overlay::BroadcastFacilitator.send_beef,Method,BSV/Overlay/BroadcastFacilitator.md#method-i-send_beef
BSV::Overlay::HTTPSBroadcastFacilitator,Class,BSV/Overlay/HTTPSBroadcastFacilitator.md
BSV::Overlay::HTTPSBroadcastFacilitator.DEFAULT_TIMEOUT,Constant,BSV/Overlay/HTTPSBroadcastFacilitator.md#constant-DEFAULT_TIMEOUT
BSV::Overlay::HTTPSBroadcastFacilitator.initialize,Method,BSV/Overlay/HTTPSBroadcastFacilitator.md#method-i-initialize
BSV::Overlay::HTTPSBroadcastFacilitator.send_beef,Method,BSV/Overlay/HTTPSBroadcastFacilitator.md#method-i-send_beef
BSV::Transaction::TransactionInput,Class,BSV/Transaction/TransactionInput.md
BSV::Transaction::TransactionInput.dtxid_hex,Method,BSV/Transaction/TransactionInput.md#method-i-dtxid_hex
BSV::Transaction::TransactionInput.initialize,Method,BSV/Transaction/TransactionInput.md#method-i-initialize
BSV::Transaction::TransactionInput.outpoint_binary,Method,BSV/Transaction/TransactionInput.md#method-i-outpoint_binary
BSV::Transaction::TransactionInput.to_binary,Method,BSV/Transaction/TransactionInput.md#method-i-to_binary
BSV::Transaction::TransactionInput.from_binary,Method,BSV/Transaction/TransactionInput.md#method-c-from_binary
BSV::Transaction::TransactionInput.wtxid_from_hex,Method,BSV/Transaction/TransactionInput.md#method-c-wtxid_from_hex
BSV::Transaction::TransactionInput.prev_tx_out_index,Attribute,BSV/Transaction/TransactionInput.md#attribute-i-prev_tx_out_index
BSV::Transaction::TransactionInput.prev_wtxid,Attribute,BSV/Transaction/TransactionInput.md#attribute-i-prev_wtxid
BSV::Transaction::TransactionInput.sequence,Attribute,BSV/Transaction/TransactionInput.md#attribute-i-sequence
BSV::Transaction::TransactionInput.source_locking_script,Attribute,BSV/Transaction/TransactionInput.md#attribute-i-source_locking_script
BSV::Transaction::TransactionInput.source_satoshis,Attribute,BSV/Transaction/TransactionInput.md#attribute-i-source_satoshis
BSV::Transaction::TransactionInput.source_transaction,Attribute,BSV/Transaction/TransactionInput.md#attribute-i-source_transaction
BSV::Transaction::TransactionInput.unlocking_script,Attribute,BSV/Transaction/TransactionInput.md#attribute-i-unlocking_script
BSV::Transaction::TransactionInput.unlocking_script_template,Attribute,BSV/Transaction/TransactionInput.md#attribute-i-unlocking_script_template
BSV::Network::Providers::GorillaPool,Class,BSV/Network/Providers/GorillaPool.md
BSV::Network::Providers::GorillaPool.DEFAULT_RATE_LIMIT,Constant,BSV/Network/Providers/GorillaPool.md#constant-DEFAULT_RATE_LIMIT
BSV::Network::Providers::GorillaPool.default,Method,BSV/Network/Providers/GorillaPool.md#method-c-default
BSV::Network::Providers::GorillaPool.mainnet,Method,BSV/Network/Providers/GorillaPool.md#method-c-mainnet
BSV::Network::Providers::GorillaPool.testnet,Method,BSV/Network/Providers/GorillaPool.md#method-c-testnet
BSV::Script::Interpreter,Class,BSV/Script/Interpreter.md
BSV::Script::Interpreter.CONDITIONAL_OPCODES,Constant,BSV/Script/Interpreter.md#constant-CONDITIONAL_OPCODES
BSV::Script::Interpreter.MAX_CONDITIONAL_DEPTH,Constant,BSV/Script/Interpreter.md#constant-MAX_CONDITIONAL_DEPTH
BSV::Script::Interpreter.execute,Method,BSV/Script/Interpreter.md#method-i-execute
BSV::Script::Interpreter.evaluate,Method,BSV/Script/Interpreter.md#method-c-evaluate
BSV::Script::Interpreter.verify,Method,BSV/Script/Interpreter.md#method-c-verify
BSV::Script::Interpreter.astack,Attribute,BSV/Script/Interpreter.md#attribute-i-astack
BSV::Script::Interpreter.dstack,Attribute,BSV/Script/Interpreter.md#attribute-i-dstack
BSV::Transaction::TransactionOutput,Class,BSV/Transaction/TransactionOutput.md
BSV::Transaction::TransactionOutput.initialize,Method,BSV/Transaction/TransactionOutput.md#method-i-initialize
BSV::Transaction::TransactionOutput.to_binary,Method,BSV/Transaction/TransactionOutput.md#method-i-to_binary
BSV::Transaction::TransactionOutput.from_binary,Method,BSV/Transaction/TransactionOutput.md#method-c-from_binary
BSV::Transaction::TransactionOutput.change,Attribute,BSV/Transaction/TransactionOutput.md#attribute-i-change
BSV::Transaction::TransactionOutput.locking_script,Attribute,BSV/Transaction/TransactionOutput.md#attribute-i-locking_script
BSV::Transaction::TransactionOutput.satoshis,Attribute,BSV/Transaction/TransactionOutput.md#attribute-i-satoshis
BSV::Transaction::VerificationError,Class,BSV/Transaction/VerificationError.md
BSV::Transaction::VerificationError.INVALID_MERKLE_PROOF,Constant,BSV/Transaction/VerificationError.md#constant-INVALID_MERKLE_PROOF
BSV::Transaction::VerificationError.INSUFFICIENT_FEE,Constant,BSV/Transaction/VerificationError.md#constant-INSUFFICIENT_FEE
BSV::Transaction::VerificationError.OUTPUT_OVERFLOW,Constant,BSV/Transaction/VerificationError.md#constant-OUTPUT_OVERFLOW
BSV::Transaction::VerificationError.SCRIPT_FAILURE,Constant,BSV/Transaction/VerificationError.md#constant-SCRIPT_FAILURE
BSV::Transaction::VerificationError.MISSING_SOURCE,Constant,BSV/Transaction/VerificationError.md#constant-MISSING_SOURCE
BSV::Transaction::VerificationError.initialize,Method,BSV/Transaction/VerificationError.md#method-i-initialize
BSV::Transaction::VerificationError.code,Attribute,BSV/Transaction/VerificationError.md#attribute-i-code
BSV::Wallet::WalletWireTransceiver,Class,BSV/Wallet/WalletWireTransceiver.md
BSV::Wallet::WalletWireTransceiver.abort_action,Method,BSV/Wallet/WalletWireTransceiver.md#method-i-abort_action
BSV::Wallet::WalletWireTransceiver.acquire_certificate,Method,BSV/Wallet/WalletWireTransceiver.md#method-i-acquire_certificate
BSV::Wallet::WalletWireTransceiver.authenticated?,Method,BSV/Wallet/WalletWireTransceiver.md#method-i-authenticated-3F
BSV::Wallet::WalletWireTransceiver.create_action,Method,BSV/Wallet/WalletWireTransceiver.md#method-i-create_action
BSV::Wallet::WalletWireTransceiver.create_hmac,Method,BSV/Wallet/WalletWireTransceiver.md#method-i-create_hmac
BSV::Wallet::WalletWireTransceiver.create_signature,Method,BSV/Wallet/WalletWireTransceiver.md#method-i-create_signature
BSV::Wallet::WalletWireTransceiver.decrypt,Method,BSV/Wallet/WalletWireTransceiver.md#method-i-decrypt
BSV::Wallet::WalletWireTransceiver.discover_by_attributes,Method,BSV/Wallet/WalletWireTransceiver.md#method-i-discover_by_attributes
BSV::Wallet::WalletWireTransceiver.discover_by_identity_key,Method,BSV/Wallet/WalletWireTransceiver.md#method-i-discover_by_identity_key
BSV::Wallet::WalletWireTransceiver.encrypt,Method,BSV/Wallet/WalletWireTransceiver.md#method-i-encrypt
BSV::Wallet::WalletWireTransceiver.get_header_for_height,Method,BSV/Wallet/WalletWireTransceiver.md#method-i-get_header_for_height
BSV::Wallet::WalletWireTransceiver.get_height,Method,BSV/Wallet/WalletWireTransceiver.md#method-i-get_height
BSV::Wallet::WalletWireTransceiver.get_network,Method,BSV/Wallet/WalletWireTransceiver.md#method-i-get_network
BSV::Wallet::WalletWireTransceiver.get_public_key,Method,BSV/Wallet/WalletWireTransceiver.md#method-i-get_public_key
BSV::Wallet::WalletWireTransceiver.get_version,Method,BSV/Wallet/WalletWireTransceiver.md#method-i-get_version
BSV::Wallet::WalletWireTransceiver.initialize,Method,BSV/Wallet/WalletWireTransceiver.md#method-i-initialize
BSV::Wallet::WalletWireTransceiver.internalize_action,Method,BSV/Wallet/WalletWireTransceiver.md#method-i-internalize_action
BSV::Wallet::WalletWireTransceiver.list_actions,Method,BSV/Wallet/WalletWireTransceiver.md#method-i-list_actions
BSV::Wallet::WalletWireTransceiver.list_certificates,Method,BSV/Wallet/WalletWireTransceiver.md#method-i-list_certificates
BSV::Wallet::WalletWireTransceiver.list_outputs,Method,BSV/Wallet/WalletWireTransceiver.md#method-i-list_outputs
BSV::Wallet::WalletWireTransceiver.prove_certificate,Method,BSV/Wallet/WalletWireTransceiver.md#method-i-prove_certificate
BSV::Wallet::WalletWireTransceiver.relinquish_certificate,Method,BSV/Wallet/WalletWireTransceiver.md#method-i-relinquish_certificate
BSV::Wallet::WalletWireTransceiver.relinquish_output,Method,BSV/Wallet/WalletWireTransceiver.md#method-i-relinquish_output
BSV::Wallet::WalletWireTransceiver.reveal_counterparty_key_linkage,Method,BSV/Wallet/WalletWireTransceiver.md#method-i-reveal_counterparty_key_linkage
BSV::Wallet::WalletWireTransceiver.reveal_specific_key_linkage,Method,BSV/Wallet/WalletWireTransceiver.md#method-i-reveal_specific_key_linkage
BSV::Wallet::WalletWireTransceiver.sign_action,Method,BSV/Wallet/WalletWireTransceiver.md#method-i-sign_action
BSV::Wallet::WalletWireTransceiver.verify_hmac,Method,BSV/Wallet/WalletWireTransceiver.md#method-i-verify_hmac
BSV::Wallet::WalletWireTransceiver.verify_signature,Method,BSV/Wallet/WalletWireTransceiver.md#method-i-verify_signature
BSV::Wallet::WalletWireTransceiver.wait_for_authentication,Method,BSV/Wallet/WalletWireTransceiver.md#method-i-wait_for_authentication
BSV::Auth::SimplifiedFetchTransport,Class,BSV/Auth/SimplifiedFetchTransport.md
BSV::Auth::SimplifiedFetchTransport.initialize,Method,BSV/Auth/SimplifiedFetchTransport.md#method-i-initialize
BSV::Auth::SimplifiedFetchTransport.on_data,Method,BSV/Auth/SimplifiedFetchTransport.md#method-i-on_data
BSV::Auth::SimplifiedFetchTransport.send,Method,BSV/Auth/SimplifiedFetchTransport.md#method-i-send
BSV::Overlay::HostReputationTracker,Class,BSV/Overlay/HostReputationTracker.md
BSV::Overlay::HostReputationTracker.DEFAULT_LATENCY_MS,Constant,BSV/Overlay/HostReputationTracker.md#constant-DEFAULT_LATENCY_MS
BSV::Overlay::HostReputationTracker.LATENCY_SMOOTHING_FACTOR,Constant,BSV/Overlay/HostReputationTracker.md#constant-LATENCY_SMOOTHING_FACTOR
BSV::Overlay::HostReputationTracker.BASE_BACKOFF_MS,Constant,BSV/Overlay/HostReputationTracker.md#constant-BASE_BACKOFF_MS
BSV::Overlay::HostReputationTracker.MAX_BACKOFF_MS,Constant,BSV/Overlay/HostReputationTracker.md#constant-MAX_BACKOFF_MS
BSV::Overlay::HostReputationTracker.FAILURE_PENALTY_MS,Constant,BSV/Overlay/HostReputationTracker.md#constant-FAILURE_PENALTY_MS
BSV::Overlay::HostReputationTracker.SUCCESS_BONUS_MS,Constant,BSV/Overlay/HostReputationTracker.md#constant-SUCCESS_BONUS_MS
BSV::Overlay::HostReputationTracker.FAILURE_BACKOFF_GRACE,Constant,BSV/Overlay/HostReputationTracker.md#constant-FAILURE_BACKOFF_GRACE
BSV::Overlay::HostReputationTracker.initialize,Method,BSV/Overlay/HostReputationTracker.md#method-i-initialize
BSV::Overlay::HostReputationTracker.rank_hosts,Method,BSV/Overlay/HostReputationTracker.md#method-i-rank_hosts
BSV::Overlay::HostReputationTracker.record_failure,Method,BSV/Overlay/HostReputationTracker.md#method-i-record_failure
BSV::Overlay::HostReputationTracker.record_success,Method,BSV/Overlay/HostReputationTracker.md#method-i-record_success
BSV::Overlay::HostReputationTracker.reset,Method,BSV/Overlay/HostReputationTracker.md#method-i-reset
BSV::Overlay::HostReputationTracker.snapshot,Method,BSV/Overlay/HostReputationTracker.md#method-i-snapshot
BSV::Wallet::ProtoWallet::KeyDeriver,Class,BSV/Wallet/ProtoWallet/KeyDeriver.md
BSV::Wallet::ProtoWallet::KeyDeriver.ANYONE_BN,Constant,BSV/Wallet/ProtoWallet/KeyDeriver.md#constant-ANYONE_BN
BSV::Wallet::ProtoWallet::KeyDeriver.derive_private_key,Method,BSV/Wallet/ProtoWallet/KeyDeriver.md#method-i-derive_private_key
BSV::Wallet::ProtoWallet::KeyDeriver.derive_public_key,Method,BSV/Wallet/ProtoWallet/KeyDeriver.md#method-i-derive_public_key
BSV::Wallet::ProtoWallet::KeyDeriver.derive_symmetric_key,Method,BSV/Wallet/ProtoWallet/KeyDeriver.md#method-i-derive_symmetric_key
BSV::Wallet::ProtoWallet::KeyDeriver.identity_key,Method,BSV/Wallet/ProtoWallet/KeyDeriver.md#method-i-identity_key
BSV::Wallet::ProtoWallet::KeyDeriver.identity_key_bytes,Method,BSV/Wallet/ProtoWallet/KeyDeriver.md#method-i-identity_key_bytes
BSV::Wallet::ProtoWallet::KeyDeriver.initialize,Method,BSV/Wallet/ProtoWallet/KeyDeriver.md#method-i-initialize
BSV::Wallet::ProtoWallet::KeyDeriver.reveal_counterparty_secret,Method,BSV/Wallet/ProtoWallet/KeyDeriver.md#method-i-reveal_counterparty_secret
BSV::Wallet::ProtoWallet::KeyDeriver.reveal_specific_secret,Method,BSV/Wallet/ProtoWallet/KeyDeriver.md#method-i-reveal_specific_secret
BSV::Wallet::ProtoWallet::KeyDeriver.root_key,Attribute,BSV/Wallet/ProtoWallet/KeyDeriver.md#attribute-i-root_key
BSV::Network::Providers::WhatsOnChain,Class,BSV/Network/Providers/WhatsOnChain.md
BSV::Network::Providers::WhatsOnChain.DEFAULT_RATE_LIMIT,Constant,BSV/Network/Providers/WhatsOnChain.md#constant-DEFAULT_RATE_LIMIT
BSV::Network::Providers::WhatsOnChain.default,Method,BSV/Network/Providers/WhatsOnChain.md#method-c-default
BSV::Network::Providers::WhatsOnChain.mainnet,Method,BSV/Network/Providers/WhatsOnChain.md#method-c-mainnet
BSV::Network::Providers::WhatsOnChain.stn,Method,BSV/Network/Providers/WhatsOnChain.md#method-c-stn
BSV::Network::Providers::WhatsOnChain.testnet,Method,BSV/Network/Providers/WhatsOnChain.md#method-c-testnet
BSV::Primitives::PointInFiniteField,Class,BSV/Primitives/PointInFiniteField.md
BSV::Primitives::PointInFiniteField.P,Constant,BSV/Primitives/PointInFiniteField.md#constant-P
BSV::Primitives::PointInFiniteField.initialize,Method,BSV/Primitives/PointInFiniteField.md#method-i-initialize
BSV::Primitives::PointInFiniteField.to_s,Method,BSV/Primitives/PointInFiniteField.md#method-i-to_s
BSV::Primitives::PointInFiniteField.from_string,Method,BSV/Primitives/PointInFiniteField.md#method-c-from_string
BSV::Primitives::PointInFiniteField.x,Attribute,BSV/Primitives/PointInFiniteField.md#attribute-i-x
BSV::Primitives::PointInFiniteField.y,Attribute,BSV/Primitives/PointInFiniteField.md#attribute-i-y
BSV::Script::ScriptNumber,Class,BSV/Script/ScriptNumber.md
BSV::Script::ScriptNumber.MAX_BYTE_LENGTH,Constant,BSV/Script/ScriptNumber.md#constant-MAX_BYTE_LENGTH
BSV::Script::ScriptNumber.INT32_MIN,Constant,BSV/Script/ScriptNumber.md#constant-INT32_MIN
BSV::Script::ScriptNumber.INT32_MAX,Constant,BSV/Script/ScriptNumber.md#constant-INT32_MAX
BSV::Script::ScriptNumber.%,Method,BSV/Script/ScriptNumber.md#method-i--25
BSV::Script::ScriptNumber.*,Method,BSV/Script/ScriptNumber.md#method-i--2A
BSV::Script::ScriptNumber.+,Method,BSV/Script/ScriptNumber.md#method-i--2B
BSV::Script::ScriptNumber.-,Method,BSV/Script/ScriptNumber.md#method-i--
BSV::Script::ScriptNumber.-@,Method,BSV/Script/ScriptNumber.md#method-i---40
BSV::Script::ScriptNumber./,Method,BSV/Script/ScriptNumber.md#method-i--2F
BSV::Script::ScriptNumber.<=>,Method,BSV/Script/ScriptNumber.md#method-i--3C-3D-3E
BSV::Script::ScriptNumber.abs,Method,BSV/Script/ScriptNumber.md#method-i-abs
BSV::Script::ScriptNumber.initialize,Method,BSV/Script/ScriptNumber.md#method-i-initialize
BSV::Script::ScriptNumber.to_bytes,Method,BSV/Script/ScriptNumber.md#method-i-to_bytes
BSV::Script::ScriptNumber.to_i,Method,BSV/Script/ScriptNumber.md#method-i-to_i
BSV::Script::ScriptNumber.to_i32,Method,BSV/Script/ScriptNumber.md#method-i-to_i32
BSV::Script::ScriptNumber.zero?,Method,BSV/Script/ScriptNumber.md#method-i-zero-3F
BSV::Script::ScriptNumber.from_bytes,Method,BSV/Script/ScriptNumber.md#method-c-from_bytes
BSV::Script::ScriptNumber.minimally_encode,Method,BSV/Script/ScriptNumber.md#method-c-minimally_encode
BSV::Script::ScriptNumber.value,Attribute,BSV/Script/ScriptNumber.md#attribute-i-value
BSV::Transaction::FeeModels::LivePolicy,Class,BSV/Transaction/FeeModels/LivePolicy.md
BSV::Transaction::FeeModels::LivePolicy.DEFAULT_CACHE_TTL,Constant,BSV/Transaction/FeeModels/LivePolicy.md#constant-DEFAULT_CACHE_TTL
BSV::Transaction::FeeModels::LivePolicy.DEFAULT_FALLBACK_RATE,Constant,BSV/Transaction/FeeModels/LivePolicy.md#constant-DEFAULT_FALLBACK_RATE
BSV::Transaction::FeeModels::LivePolicy.TAAL_ARC_URL,Constant,BSV/Transaction/FeeModels/LivePolicy.md#constant-TAAL_ARC_URL
BSV::Transaction::FeeModels::LivePolicy.compute_fee,Method,BSV/Transaction/FeeModels/LivePolicy.md#method-i-compute_fee
BSV::Transaction::FeeModels::LivePolicy.current_rate,Method,BSV/Transaction/FeeModels/LivePolicy.md#method-i-current_rate
BSV::Transaction::FeeModels::LivePolicy.initialize,Method,BSV/Transaction/FeeModels/LivePolicy.md#method-i-initialize
BSV::Transaction::FeeModels::LivePolicy.default,Method,BSV/Transaction/FeeModels/LivePolicy.md#method-c-default
BSV::Transaction::FeeModels::LivePolicy.arc_url,Attribute,BSV/Transaction/FeeModels/LivePolicy.md#attribute-i-arc_url
BSV::Transaction::FeeModels::LivePolicy.cache_ttl,Attribute,BSV/Transaction/FeeModels/LivePolicy.md#attribute-i-cache_ttl
BSV::Transaction::FeeModels::LivePolicy.fallback_rate,Attribute,BSV/Transaction/FeeModels/LivePolicy.md#attribute-i-fallback_rate
BSV::Wallet::Substrates::HTTPWalletJSON,Class,BSV/Wallet/Substrates/HTTPWalletJSON.md
BSV::Wallet::Substrates::HTTPWalletJSON.WIRE_METHOD_NAMES,Constant,BSV/Wallet/Substrates/HTTPWalletJSON.md#constant-WIRE_METHOD_NAMES
BSV::Wallet::Substrates::HTTPWalletJSON.abort_action,Method,BSV/Wallet/Substrates/HTTPWalletJSON.md#method-i-abort_action
BSV::Wallet::Substrates::HTTPWalletJSON.acquire_certificate,Method,BSV/Wallet/Substrates/HTTPWalletJSON.md#method-i-acquire_certificate
BSV::Wallet::Substrates::HTTPWalletJSON.authenticated?,Method,BSV/Wallet/Substrates/HTTPWalletJSON.md#method-i-authenticated-3F
BSV::Wallet::Substrates::HTTPWalletJSON.create_action,Method,BSV/Wallet/Substrates/HTTPWalletJSON.md#method-i-create_action
BSV::Wallet::Substrates::HTTPWalletJSON.create_hmac,Method,BSV/Wallet/Substrates/HTTPWalletJSON.md#method-i-create_hmac
BSV::Wallet::Substrates::HTTPWalletJSON.create_signature,Method,BSV/Wallet/Substrates/HTTPWalletJSON.md#method-i-create_signature
BSV::Wallet::Substrates::HTTPWalletJSON.decrypt,Method,BSV/Wallet/Substrates/HTTPWalletJSON.md#method-i-decrypt
BSV::Wallet::Substrates::HTTPWalletJSON.discover_by_attributes,Method,BSV/Wallet/Substrates/HTTPWalletJSON.md#method-i-discover_by_attributes
BSV::Wallet::Substrates::HTTPWalletJSON.discover_by_identity_key,Method,BSV/Wallet/Substrates/HTTPWalletJSON.md#method-i-discover_by_identity_key
BSV::Wallet::Substrates::HTTPWalletJSON.encrypt,Method,BSV/Wallet/Substrates/HTTPWalletJSON.md#method-i-encrypt
BSV::Wallet::Substrates::HTTPWalletJSON.get_header_for_height,Method,BSV/Wallet/Substrates/HTTPWalletJSON.md#method-i-get_header_for_height
BSV::Wallet::Substrates::HTTPWalletJSON.get_height,Method,BSV/Wallet/Substrates/HTTPWalletJSON.md#method-i-get_height
BSV::Wallet::Substrates::HTTPWalletJSON.get_network,Method,BSV/Wallet/Substrates/HTTPWalletJSON.md#method-i-get_network
BSV::Wallet::Substrates::HTTPWalletJSON.get_public_key,Method,BSV/Wallet/Substrates/HTTPWalletJSON.md#method-i-get_public_key
BSV::Wallet::Substrates::HTTPWalletJSON.get_version,Method,BSV/Wallet/Substrates/HTTPWalletJSON.md#method-i-get_version
BSV::Wallet::Substrates::HTTPWalletJSON.initialize,Method,BSV/Wallet/Substrates/HTTPWalletJSON.md#method-i-initialize
BSV::Wallet::Substrates::HTTPWalletJSON.internalize_action,Method,BSV/Wallet/Substrates/HTTPWalletJSON.md#method-i-internalize_action
BSV::Wallet::Substrates::HTTPWalletJSON.list_actions,Method,BSV/Wallet/Substrates/HTTPWalletJSON.md#method-i-list_actions
BSV::Wallet::Substrates::HTTPWalletJSON.list_certificates,Method,BSV/Wallet/Substrates/HTTPWalletJSON.md#method-i-list_certificates
BSV::Wallet::Substrates::HTTPWalletJSON.list_outputs,Method,BSV/Wallet/Substrates/HTTPWalletJSON.md#method-i-list_outputs
BSV::Wallet::Substrates::HTTPWalletJSON.prove_certificate,Method,BSV/Wallet/Substrates/HTTPWalletJSON.md#method-i-prove_certificate
BSV::Wallet::Substrates::HTTPWalletJSON.relinquish_certificate,Method,BSV/Wallet/Substrates/HTTPWalletJSON.md#method-i-relinquish_certificate
BSV::Wallet::Substrates::HTTPWalletJSON.relinquish_output,Method,BSV/Wallet/Substrates/HTTPWalletJSON.md#method-i-relinquish_output
BSV::Wallet::Substrates::HTTPWalletJSON.reveal_counterparty_key_linkage,Method,BSV/Wallet/Substrates/HTTPWalletJSON.md#method-i-reveal_counterparty_key_linkage
BSV::Wallet::Substrates::HTTPWalletJSON.reveal_specific_key_linkage,Method,BSV/Wallet/Substrates/HTTPWalletJSON.md#method-i-reveal_specific_key_linkage
BSV::Wallet::Substrates::HTTPWalletJSON.sign_action,Method,BSV/Wallet/Substrates/HTTPWalletJSON.md#method-i-sign_action
BSV::Wallet::Substrates::HTTPWalletJSON.verify_hmac,Method,BSV/Wallet/Substrates/HTTPWalletJSON.md#method-i-verify_hmac
BSV::Wallet::Substrates::HTTPWalletJSON.verify_signature,Method,BSV/Wallet/Substrates/HTTPWalletJSON.md#method-i-verify_signature
BSV::Wallet::Substrates::HTTPWalletJSON.wait_for_authentication,Method,BSV/Wallet/Substrates/HTTPWalletJSON.md#method-i-wait_for_authentication
BSV::Wallet::Substrates::HTTPWalletWire,Class,BSV/Wallet/Substrates/HTTPWalletWire.md
BSV::Wallet::Substrates::HTTPWalletWire.initialize,Method,BSV/Wallet/Substrates/HTTPWalletWire.md#method-i-initialize
BSV::Wallet::Substrates::HTTPWalletWire.transmit_to_wallet,Method,BSV/Wallet/Substrates/HTTPWalletWire.md#method-i-transmit_to_wallet
BSV::Wallet::Substrates::HTTPWalletWire.client,Method,BSV/Wallet/Substrates/HTTPWalletWire.md#method-c-client
BSV::Transaction::UnlockingScriptTemplate,Class,BSV/Transaction/UnlockingScriptTemplate.md
BSV::Transaction::UnlockingScriptTemplate.estimated_length,Method,BSV/Transaction/UnlockingScriptTemplate.md#method-i-estimated_length
BSV::Transaction::UnlockingScriptTemplate.sign,Method,BSV/Transaction/UnlockingScriptTemplate.md#method-i-sign
BSV::Transaction::ChainTrackers::WhatsOnChain,Class,BSV/Transaction/ChainTrackers/WhatsOnChain.md
BSV::Transaction::ChainTrackers::WhatsOnChain.current_height,Method,BSV/Transaction/ChainTrackers/WhatsOnChain.md#method-i-current_height
BSV::Transaction::ChainTrackers::WhatsOnChain.initialize,Method,BSV/Transaction/ChainTrackers/WhatsOnChain.md#method-i-initialize
BSV::Transaction::ChainTrackers::WhatsOnChain.valid_root_for_height?,Method,BSV/Transaction/ChainTrackers/WhatsOnChain.md#method-i-valid_root_for_height-3F
BSV::Transaction::ChainTrackers::WhatsOnChain.default,Method,BSV/Transaction/ChainTrackers/WhatsOnChain.md#method-c-default
BSV::Transaction::ChainTrackers::WhatsOnChain::RawAuthClient,Class,BSV/Transaction/ChainTrackers/WhatsOnChain/RawAuthClient.md
BSV::Transaction::ChainTrackers::WhatsOnChain::RawAuthClient.initialize,Method,BSV/Transaction/ChainTrackers/WhatsOnChain/RawAuthClient.md#method-i-initialize
BSV::Transaction::ChainTrackers::WhatsOnChain::RawAuthClient.request,Method,BSV/Transaction/ChainTrackers/WhatsOnChain/RawAuthClient.md#method-i-request
BSV::Transaction::FeeModels::SatoshisPerKilobyte,Class,BSV/Transaction/FeeModels/SatoshisPerKilobyte.md
BSV::Transaction::FeeModels::SatoshisPerKilobyte.compute_fee,Method,BSV/Transaction/FeeModels/SatoshisPerKilobyte.md#method-i-compute_fee
BSV::Transaction::FeeModels::SatoshisPerKilobyte.initialize,Method,BSV/Transaction/FeeModels/SatoshisPerKilobyte.md#method-i-initialize
BSV::Transaction::FeeModels::SatoshisPerKilobyte.value,Attribute,BSV/Transaction/FeeModels/SatoshisPerKilobyte.md#attribute-i-value
